sim_time,torque_FL,torque_FR,torque_BL,torque_BR,x,y,z,yaw_deg,actual_speed_mps,heading_correction_rads
0.0000,4.0714,0.8132,1.0309,0.6144,0.00847,-1.61354,-1.22381,-90.58,0.0144,0.0000
0.0083,2.1746,-0.0083,0.2657,1.8561,0.00843,-1.61370,-1.22378,-90.38,0.0164,0.0000
0.0167,1.9484,-0.0227,0.1605,1.9502,0.00842,-1.61377,-1.22376,-90.28,0.0083,0.0000
0.0250,0.6131,-0.0048,0.0022,0.3589,0.00842,-1.61371,-1.22378,-90.28,0.0073,0.0000
0.0333,0.5819,-0.0090,0.0078,0.1963,0.00841,-1.61338,-1.22387,-90.29,0.0391,0.0000
0.0417,0.4303,-0.0002,0.0048,-0.0004,0.00839,-1.61272,-1.22408,-90.31,0.0792,0.0000
0.0500,0.3320,0.1936,0.0250,-0.0151,0.00836,-1.61166,-1.22441,-90.35,0.1273,0.0000
0.0583,0.1546,2.9647,-0.0170,-0.0157,0.00817,-1.61148,-1.22445,-91.23,0.0316,0.0000
0.0667,0.2186,3.2687,0.0138,-0.0165,0.00785,-1.61114,-1.22450,-92.23,0.0565,0.0000
0.0750,0.7961,2.8159,-0.0263,0.0324,0.00769,-1.61027,-1.22450,-93.33,0.1055,0.0000
0.0833,1.4870,1.8997,0.0561,0.0421,0.00715,-1.61008,-1.22493,-94.28,0.0692,0.0000
0.0917,1.2386,0.3099,0.0019,-0.0041,0.00712,-1.61125,-1.22463,-94.39,0.1397,0.0000
0.1000,1.0108,0.1149,0.0009,-0.0017,0.00716,-1.61248,-1.22434,-94.38,0.1486,0.0000
0.1083,1.1727,-0.0006,0.0016,-0.0007,0.00730,-1.61354,-1.22384,-94.38,0.1278,0.0000
0.1167,1.0806,-0.0050,0.0000,0.1995,0.00732,-1.61457,-1.22353,-94.38,0.1243,0.0000
0.1250,2.3061,-0.0424,0.3097,2.2252,0.00731,-1.61546,-1.22329,-94.32,0.1066,0.0000
0.1333,3.3556,-0.0006,3.0417,0.4988,0.00733,-1.61581,-1.22296,-93.83,0.0417,0.0000
0.1417,3.4643,-0.0378,1.9175,1.2674,0.00751,-1.61567,-1.22237,-93.25,0.0271,0.0000
0.1500,3.3891,-0.0250,2.4904,0.9929,0.00694,-1.61524,-1.22216,-92.35,0.0855,0.0000
0.1583,2.6282,-0.0014,2.8748,0.3462,0.00615,-1.61483,-1.22278,-91.24,0.1071,0.0000
0.1667,3.2383,0.0043,1.3816,0.1679,0.00522,-1.61406,-1.22323,-90.39,0.1440,0.0000
0.1750,2.2788,-0.0007,2.4982,0.0931,0.00452,-1.61299,-1.22399,-89.51,0.1543,0.0000
0.1833,2.4429,6.2737,0.1174,-0.0311,0.00396,-1.61223,-1.22462,-89.13,0.1134,0.0000
0.1917,0.4475,4.6622,0.0346,-0.0410,0.00394,-1.61261,-1.22435,-89.78,0.0463,0.0000
0.2000,0.2940,3.5368,0.0047,-0.0070,0.00394,-1.61258,-1.22413,-90.54,0.0036,0.0000
0.2083,0.3033,3.1208,-0.0022,0.0023,0.00392,-1.61232,-1.22396,-91.37,0.0317,0.0000
0.2167,0.1819,2.6475,-0.0109,0.0136,0.00353,-1.61198,-1.22421,-92.38,0.0619,0.0000
0.2250,1.3716,2.7449,-0.1137,0.1230,0.00344,-1.61112,-1.22418,-93.38,0.1036,0.0000
0.2333,1.1437,1.1062,0.0066,-0.0061,0.00308,-1.61144,-1.22454,-93.99,0.0576,0.0000
0.2417,1.0799,1.1502,0.0097,-0.0224,0.00312,-1.61188,-1.22448,-94.13,0.0529,0.0000
0.2500,1.0738,0.1908,0.0016,-0.0017,0.00314,-1.61302,-1.22422,-94.11,0.1368,0.0000
0.2583,1.2266,-0.0009,-0.0015,-0.0008,0.00320,-1.61406,-1.22372,-94.10,0.1247,0.0000
0.2667,1.0435,-0.0010,0.0038,-0.0012,0.00322,-1.61510,-1.22341,-94.10,0.1250,0.0000
0.2750,1.0771,-0.0106,-0.0079,0.1141,0.00323,-1.61603,-1.22316,-94.11,0.1121,0.0000
0.2833,0.8845,-0.0065,0.0004,0.3583,0.00325,-1.61686,-1.22294,-94.11,0.0993,0.0000
0.2917,2.4710,0.0004,-0.0010,1.8236,0.00313,-1.61731,-1.22283,-93.75,0.0552,0.0000
0.3000,2.2794,-0.0009,0.1023,1.5867,0.00309,-1.61760,-1.22275,-93.49,0.0361,0.0000
0.3083,1.9749,0.0452,0.4377,1.0042,0.00307,-1.61787,-1.22268,-93.40,0.0319,0.0000
0.3167,2.7898,-0.0054,4.1172,0.3415,0.00302,-1.61748,-1.22247,-92.96,0.0472,0.0000
0.3250,2.3725,-0.0009,3.0264,0.4884,0.00306,-1.61633,-1.22232,-92.22,0.1375,0.0000
0.3333,0.9925,0.0427,2.8529,0.4392,0.00280,-1.61488,-1.22283,-91.31,0.1769,0.0000
0.3417,0.7838,0.3676,0.5056,0.0493,0.00208,-1.61350,-1.22384,-90.58,0.1867,0.0000
0.3500,0.4059,3.4321,0.0246,-0.0042,0.00179,-1.61340,-1.22398,-91.12,0.0366,0.0000
0.3583,0.2968,3.5007,0.0263,-0.0123,0.00182,-1.61304,-1.22381,-91.84,0.0437,0.0000
0.3667,0.1831,0.6531,-0.0395,0.0567,0.00151,-1.61266,-1.22416,-92.85,0.0595,0.0000
0.3750,0.2869,2.2938,0.0006,-0.0031,0.00140,-1.61164,-1.22424,-93.82,0.1227,0.0000
0.3833,1.2377,0.3967,0.0048,-0.0047,0.00138,-1.61138,-1.22432,-94.45,0.0318,0.0000
0.3917,1.2118,0.1480,-0.0014,0.0015,0.00139,-1.61225,-1.22410,-94.52,0.1055,0.0000
0.4000,0.8188,-0.0003,0.0028,0.0229,0.00141,-1.61343,-1.22383,-94.51,0.1405,0.0000
0.4083,0.8727,-0.0028,0.0014,0.1579,0.00108,-1.61456,-1.22383,-94.48,0.1417,0.0000
0.4167,0.8109,-0.0025,0.0006,0.2252,0.00105,-1.61555,-1.22361,-94.48,0.1192,0.0000
0.4250,1.7758,-0.0289,0.0433,0.9368,0.00146,-1.61635,-1.22320,-94.44,0.1070,0.0000
0.4333,3.7011,-0.0313,0.1364,4.2796,0.00141,-1.61697,-1.22303,-94.25,0.0749,0.0000
0.4417,2.4504,0.0012,0.1586,2.2708,0.00113,-1.61715,-1.22290,-93.60,0.0397,0.0000
0.4500,2.4230,0.0076,0.1691,2.0017,0.00093,-1.61723,-1.22281,-93.12,0.0262,0.0000
0.4583,2.0853,-0.0087,0.1452,1.9579,0.00079,-1.61727,-1.22274,-92.84,0.0176,0.0000
0.4667,1.9779,-0.0012,0.0849,1.8680,0.00072,-1.61726,-1.22271,-92.70,0.0074,0.0000
0.4750,0.5957,-0.0062,0.0278,0.3365,0.00073,-1.61718,-1.22273,-92.69,0.0099,0.0000
0.4833,0.4972,-0.0073,0.1155,0.2201,0.00072,-1.61681,-1.22281,-92.69,0.0446,0.0000
0.4917,0.4570,0.0009,0.0910,0.0008,0.00070,-1.61607,-1.22299,-92.68,0.0888,0.0000
0.5000,0.4754,-0.0127,0.0140,-0.0127,0.00069,-1.61498,-1.22326,-92.67,0.1308,0.0000
0.5083,0.2375,1.2189,-0.0176,0.0210,0.00084,-1.61349,-1.22389,-92.67,0.1791,0.0000
0.5167,0.2314,3.2272,0.0423,-0.0360,0.00061,-1.61277,-1.22403,-93.47,0.0907,0.0000
0.5250,3.0611,1.9722,-0.1361,0.1876,0.00039,-1.61168,-1.22440,-94.44,0.1335,0.0000
0.5333,1.3609,0.1031,0.0053,0.0033,0.00041,-1.61198,-1.22437,-94.84,0.0362,0.0000
0.5417,0.8646,-0.0010,0.0012,-0.0011,0.00041,-1.61318,-1.22409,-94.83,0.1435,0.0000
0.5500,0.7788,-0.0020,0.0014,0.3835,0.00041,-1.61431,-1.22385,-94.82,0.1357,0.0000
0.5583,2.2996,0.0104,0.0056,1.9928,0.00040,-1.61489,-1.22346,-94.15,0.0701,0.0000
0.5667,2.4442,-0.0033,-0.0036,1.9516,0.00023,-1.61532,-1.22325,-93.50,0.0552,0.0000
0.5750,2.3704,-0.0004,0.0002,1.6569,0.00009,-1.61574,-1.22306,-93.05,0.0536,0.0000
0.5833,2.2935,-0.0004,-0.0022,1.4808,0.00000,-1.61616,-1.22291,-92.77,0.0508,0.0000
0.5917,2.1633,0.0351,0.0024,1.0762,0.00023,-1.61653,-1.22309,-92.31,0.0520,0.0000
0.6000,0.7053,-0.0027,0.0041,0.2656,0.00024,-1.61694,-1.22300,-92.30,0.0488,0.0000
0.6083,0.6530,0.0028,-0.0013,0.2126,0.00025,-1.61716,-1.22294,-92.30,0.0274,0.0000
0.6167,0.5855,-0.0088,0.0330,0.0486,0.00025,-1.61717,-1.22294,-92.30,0.0009,0.0000
0.6250,0.5576,-0.0089,0.0092,-0.0090,0.00024,-1.61691,-1.22300,-92.31,0.0309,0.0000
0.6333,0.4462,-0.0066,0.0074,-0.0066,0.00022,-1.61633,-1.22314,-92.32,0.0707,0.0000
0.6417,0.2762,-0.0075,0.0079,-0.0076,0.00019,-1.61535,-1.22337,-92.35,0.1172,0.0000
0.6500,0.2961,1.3573,-0.0334,0.0361,0.00012,-1.61415,-1.22369,-92.49,0.1448,0.0000
0.6583,0.1768,2.2753,-0.0185,-0.0101,-0.00021,-1.61346,-1.22381,-93.25,0.0907,0.0000
0.6667,3.3885,1.7438,-0.1443,0.2052,-0.00023,-1.61221,-1.22387,-94.09,0.1503,0.0000
0.6750,1.0099,0.0314,0.0029,-0.0077,-0.00041,-1.61193,-1.22440,-94.88,0.0398,0.0000
0.6833,1.0081,-0.0006,-0.0001,-0.0006,-0.00040,-1.61289,-1.22418,-94.94,0.1148,0.0000
0.6917,0.7897,-0.0019,0.0009,-0.0019,-0.00040,-1.61406,-1.22394,-94.93,0.1412,0.0000
0.7000,0.9182,-0.0020,0.0004,0.0648,-0.00018,-1.61505,-1.22350,-94.91,0.1214,0.0000
0.7083,3.8454,-0.0268,0.2376,4.8723,-0.00023,-1.61586,-1.22327,-94.66,0.0974,0.0000
0.7167,2.9062,0.0011,0.1499,1.8134,-0.00051,-1.61615,-1.22310,-93.78,0.0484,0.0000
0.7250,2.6544,0.0040,0.1269,2.0649,-0.00085,-1.61632,-1.22293,-93.07,0.0459,0.0000
0.7333,2.5174,-0.0294,0.0183,2.1435,-0.00089,-1.61654,-1.22298,-92.40,0.0264,0.0000
0.7417,2.1070,0.0017,-0.0006,1.8500,-0.00093,-1.61666,-1.22298,-91.98,0.0149,0.0000
0.7500,2.0119,-0.0023,0.0014,1.7983,-0.00098,-1.61676,-1.22293,-91.79,0.0133,0.0000
0.7583,1.1054,0.0048,0.0128,0.8167,-0.00098,-1.61682,-1.22291,-91.76,0.0080,0.0000
0.7667,0.5784,-0.0087,0.0099,0.2978,-0.00099,-1.61668,-1.22294,-91.76,0.0165,0.0000
0.7750,0.5390,-0.0107,0.0118,0.0741,-0.00100,-1.61623,-1.22305,-91.78,0.0543,0.0000
0.7833,0.3245,0.3811,0.0122,-0.0074,-0.00102,-1.61542,-1.22325,-91.80,0.0972,0.0000
0.7917,0.7105,2.4424,-0.0282,0.0267,-0.00114,-1.61474,-1.22343,-92.18,0.0830,0.0000
0.8000,0.2512,1.5737,0.0035,-0.0047,-0.00133,-1.61417,-1.22363,-92.79,0.0728,0.0000
0.8083,0.5678,2.1142,0.0017,0.0002,-0.00136,-1.61300,-1.22364,-93.58,0.1395,0.0000
0.8167,1.1517,0.3242,-0.0033,0.0045,-0.00133,-1.61260,-1.22378,-94.25,0.0485,0.0000
0.8250,0.8101,0.1538,0.0040,-0.0045,-0.00130,-1.61308,-1.22368,-94.38,0.0572,0.0000
0.8333,1.3608,-0.0106,-0.0346,-0.0098,-0.00128,-1.61359,-1.22358,-94.38,0.0617,0.0000
0.8417,0.7368,-0.0014,0.0023,-0.0014,-0.00126,-1.61470,-1.22335,-94.37,0.1331,0.0000
0.8500,0.6051,-0.0010,0.0032,-0.0012,-0.00123,-1.61577,-1.22316,-94.36,0.1288,0.0000
0.8583,0.7991,0.0000,-0.0024,0.0001,-0.00159,-1.61681,-1.22320,-94.34,0.1314,0.0000
0.8667,0.6538,-0.0039,0.3300,0.0285,-0.00161,-1.61764,-1.22303,-94.33,0.1000,0.0000
0.8750,3.4453,0.0042,2.5709,0.2863,-0.00150,-1.61789,-1.22266,-94.05,0.0335,0.0000
0.8833,3.0594,-0.0009,2.6650,0.5078,-0.00154,-1.61787,-1.22241,-93.48,0.0060,0.0000
0.8917,3.2467,0.0019,1.3934,0.5302,-0.00220,-1.61767,-1.22266,-92.69,0.0828,0.0000
0.9000,1.9184,-0.0017,0.5247,1.6194,-0.00255,-1.61718,-1.22296,-91.95,0.0719,0.0000
0.9083,1.8027,-0.0036,0.1793,1.7707,-0.00265,-1.61686,-1.22305,-91.70,0.0396,0.0000
0.9167,0.4284,-0.0041,0.0066,0.6853,-0.00267,-1.61656,-1.22312,-91.67,0.0361,0.0000
0.9250,0.3944,0.1980,0.0128,0.2786,-0.00269,-1.61594,-1.22328,-91.67,0.0746,0.0000
0.9333,1.3074,1.4307,-0.0358,0.0128,-0.00272,-1.61508,-1.22349,-91.69,0.1033,0.0000
0.9417,0.2354,1.8344,0.0104,-0.0006,-0.00286,-1.61437,-1.22362,-92.27,0.0871,0.0000
0.9500,0.1692,2.0709,0.0002,0.0005,-0.00266,-1.61328,-1.22361,-92.96,0.1328,0.0000
0.9583,0.2503,1.6188,-0.0055,0.0072,-0.00286,-1.61277,-1.22408,-93.74,0.0660,0.0000
0.9667,1.6915,0.4268,-0.0312,0.0252,-0.00279,-1.61240,-1.22422,-94.09,0.0450,0.0000
0.9750,0.9229,0.1584,0.0036,-0.0026,-0.00276,-1.61284,-1.22412,-94.19,0.0521,0.0000
0.9833,0.9562,-0.0019,0.0014,-0.0019,-0.00277,-1.61382,-1.22391,-94.17,0.1178,0.0000
0.9917,0.7860,-0.0006,0.0038,-0.0007,-0.00281,-1.61490,-1.22365,-94.16,0.1296,0.0000
1.0000,0.8447,-0.0011,0.0035,-0.0012,-0.00265,-1.61583,-1.22330,-94.16,0.1140,0.0000
1.0083,0.7944,-0.0016,0.0024,0.1573,-0.00261,-1.61673,-1.22309,-94.16,0.1075,0.0000
1.0167,1.7281,-0.0428,0.0333,2.3118,-0.00300,-1.61749,-1.22313,-94.11,0.1023,0.0000
1.0250,3.9589,-0.0306,4.2071,0.5335,-0.00321,-1.61756,-1.22318,-93.45,0.0268,0.0000
1.0333,3.0433,-0.0019,3.9589,0.3030,-0.00315,-1.61737,-1.22278,-92.86,0.0237,0.0000
1.0417,2.7778,-0.0006,2.8216,0.2954,-0.00307,-1.61662,-1.22235,-92.12,0.0909,0.0000
1.0500,2.5205,0.0010,2.9319,0.1539,-0.00323,-1.61565,-1.22246,-91.24,0.1178,0.0000
1.0583,3.8972,1.7702,4.0867,-0.0089,-0.00452,-1.61560,-1.22321,-90.88,0.1541,0.0000
1.0667,1.9653,0.7667,0.1533,0.0493,-0.00459,-1.61549,-1.22327,-91.05,0.0153,0.0000
1.0750,0.9561,1.3825,0.1191,-0.0114,-0.00466,-1.61520,-1.22339,-91.27,0.0362,0.0000
1.0833,0.9418,0.3234,0.0126,0.0027,-0.00466,-1.61459,-1.22359,-91.63,0.0726,0.0000
1.0917,0.3783,0.3290,0.0502,-0.0412,-0.00456,-1.61390,-1.22382,-91.92,0.0842,0.0000
1.1000,0.0767,1.3807,0.0097,-0.0049,-0.00468,-1.61297,-1.22407,-92.25,0.1123,0.0000
1.1083,0.1848,1.3325,-0.0017,0.0218,-0.00443,-1.61177,-1.22434,-93.20,0.1471,0.0000
1.1167,5.1215,-0.0141,-0.1072,0.0463,-0.00466,-1.61097,-1.22469,-94.10,0.0995,0.0000
1.1250,1.0706,-0.0006,0.0016,-0.0007,-0.00461,-1.61217,-1.22432,-94.11,0.1434,0.0000
1.1333,0.9910,-0.0014,0.0023,0.1675,-0.00457,-1.61330,-1.22400,-94.11,0.1366,0.0000
1.1417,1.0907,-0.0023,0.0006,0.2756,-0.00456,-1.61439,-1.22365,-94.12,0.1300,0.0000
1.1500,0.9969,-0.0111,-0.0008,0.2249,-0.00454,-1.61540,-1.22336,-94.13,0.1209,0.0000
1.1583,1.3432,-0.0064,0.0367,0.3729,-0.00449,-1.61614,-1.22325,-93.95,0.0896,0.0000
1.1667,3.0772,-0.0017,0.1680,2.2821,-0.00453,-1.61678,-1.22306,-93.74,0.0770,0.0000
1.1750,2.2882,-0.0006,0.1391,2.0901,-0.00469,-1.61717,-1.22286,-93.29,0.0513,0.0000
1.1833,2.2106,-0.0001,0.0693,2.0027,-0.00481,-1.61746,-1.22272,-92.97,0.0370,0.0000
1.1917,2.0771,-0.0005,-0.0020,1.8665,-0.00487,-1.61764,-1.22263,-92.77,0.0224,0.0000
1.2000,1.8687,0.0084,0.1280,1.7964,-0.00491,-1.61769,-1.22259,-92.68,0.0073,0.0000
1.2083,0.5918,-0.0058,0.2710,0.3348,-0.00491,-1.61761,-1.22261,-92.68,0.0087,0.0000
1.2167,0.5322,-0.0075,0.3281,0.1909,-0.00492,-1.61725,-1.22269,-92.68,0.0435,0.0000
1.2250,0.4676,-0.0055,0.2173,-0.0054,-0.00495,-1.61644,-1.22287,-92.69,0.0971,0.0000
1.2333,0.3785,-0.0122,0.0115,-0.0123,-0.00499,-1.61527,-1.22316,-92.70,0.1415,0.0000
1.2417,0.2617,-0.0172,0.0143,-0.0172,-0.00482,-1.61376,-1.22383,-92.71,0.1820,0.0000
1.2500,0.2391,1.6129,0.0203,0.0278,-0.00490,-1.61185,-1.22442,-92.99,0.2287,0.0000
1.2583,1.6859,0.3515,-0.0358,0.0258,-0.00494,-1.61083,-1.22476,-93.56,0.1234,0.0000
1.2667,0.8417,-0.0196,0.0197,-0.0196,-0.00492,-1.61140,-1.22456,-93.86,0.0690,0.0000
1.2750,1.0490,-0.0008,0.0024,-0.0009,-0.00487,-1.61257,-1.22421,-93.87,0.1402,0.0000
1.2833,1.1829,-0.0692,-0.0126,1.9719,-0.00485,-1.61366,-1.22390,-93.86,0.1306,0.0000
1.2917,2.2024,-0.0164,-0.0054,1.7943,-0.00500,-1.61430,-1.22363,-93.27,0.0788,0.0000
1.3000,2.3848,0.0012,-0.0008,1.5779,-0.00510,-1.61484,-1.22338,-92.73,0.0669,0.0000
1.3083,2.3662,-0.0049,0.0040,1.5770,-0.00518,-1.61538,-1.22315,-92.38,0.0650,0.0000
1.3167,2.2490,0.0051,-0.0172,1.2236,-0.00523,-1.61590,-1.22296,-92.19,0.0624,0.0000
1.3250,2.2087,0.0386,0.0030,1.0437,-0.00516,-1.61643,-1.22314,-91.89,0.0641,0.0000
1.3333,0.6687,-0.0031,0.0023,0.3129,-0.00514,-1.61682,-1.22305,-91.89,0.0475,0.0000
1.3417,0.5970,-0.0035,0.0758,0.1945,-0.00514,-1.61703,-1.22300,-91.89,0.0246,0.0000
1.3500,0.5686,-0.0048,0.0384,0.0223,-0.00514,-1.61699,-1.22301,-91.89,0.0039,0.0000
1.3583,0.4793,-0.0015,0.0009,-0.0015,-0.00515,-1.61667,-1.22308,-91.88,0.0386,0.0000
1.3667,0.3922,-0.0049,0.0054,-0.0050,-0.00517,-1.61601,-1.22324,-91.88,0.0789,0.0000
1.3750,0.2665,-0.0097,0.0098,-0.0097,-0.00521,-1.61492,-1.22350,-91.87,0.1318,0.0000
1.3833,0.2002,-0.0139,0.0136,-0.0140,-0.00528,-1.61323,-1.22395,-91.86,0.2026,0.0000
1.3917,0.6504,0.7134,-0.0613,0.0436,-0.00511,-1.61169,-1.22463,-92.14,0.1863,0.0000
1.4000,0.1563,0.1901,0.0276,-0.0209,-0.00504,-1.61099,-1.22491,-92.40,0.0839,0.0000
1.4083,2.1220,0.0782,-0.0343,0.0353,-0.00530,-1.61052,-1.22485,-92.80,0.0641,0.0000
1.4167,1.1615,-0.0035,0.0050,-0.0036,-0.00527,-1.61131,-1.22461,-92.91,0.0942,0.0000
1.4250,1.0430,-0.0009,0.0022,-0.0010,-0.00523,-1.61243,-1.22426,-92.91,0.1350,0.0000
1.4333,1.0620,-0.0052,0.0065,-0.0052,-0.00520,-1.61348,-1.22391,-92.92,0.1260,0.0000
1.4417,1.0103,-0.0004,0.2068,0.5587,-0.00518,-1.61445,-1.22362,-92.91,0.1169,0.0000
1.4500,2.5249,0.0070,0.0735,2.7201,-0.00541,-1.61503,-1.22344,-92.36,0.0744,0.0000
1.4583,2.2530,0.2000,-0.0004,2.2678,-0.00558,-1.61529,-1.22326,-91.75,0.0371,0.0000
1.4667,2.6194,0.3167,-0.0072,2.2643,-0.00563,-1.61566,-1.22331,-91.31,0.0447,0.0000
1.4750,2.4473,0.4410,0.0043,1.8246,-0.00572,-1.61584,-1.22325,-91.05,0.0251,0.0000
1.4833,2.0644,0.1889,-0.0032,1.7554,-0.00577,-1.61597,-1.22319,-90.94,0.0166,0.0000
1.4917,0.5922,-0.0020,0.0007,0.5056,-0.00577,-1.61600,-1.22319,-90.93,0.0036,0.0000
1.5000,0.5496,-0.0032,-0.0001,0.2296,-0.00577,-1.61578,-1.22324,-90.93,0.0273,0.0000
1.5083,0.4652,-0.0144,0.0165,-0.0145,-0.00580,-1.61522,-1.22338,-90.93,0.0666,0.0000
1.5167,0.4329,-0.0150,0.0160,-0.0150,-0.00583,-1.61426,-1.22363,-90.92,0.1152,0.0000
1.5250,0.3316,0.2089,0.0109,0.0020,-0.00588,-1.61274,-1.22405,-90.93,0.1827,0.0000
1.5333,0.3027,1.7281,-0.0626,0.0422,-0.00549,-1.61155,-1.22483,-91.13,0.1497,0.0000
1.5417,0.2592,0.5925,0.0010,0.0046,-0.00555,-1.61103,-1.22502,-91.13,0.0631,0.0000
1.5500,1.1439,-0.0026,0.0024,-0.0027,-0.00556,-1.61120,-1.22494,-91.18,0.0205,0.0000
1.5583,1.0890,-0.0018,0.0015,-0.0019,-0.00555,-1.61174,-1.22476,-91.18,0.0652,0.0000
1.5667,1.1681,0.2246,0.0011,-0.0030,-0.00555,-1.61217,-1.22462,-91.18,0.0516,0.0000
1.5750,1.5131,3.1393,-0.0125,-0.0028,-0.00563,-1.61267,-1.22445,-91.45,0.0605,0.0000
1.5833,1.5557,3.0721,-0.0002,-0.0070,-0.00561,-1.61356,-1.22418,-91.47,0.1064,0.0000
1.5917,1.2206,0.2986,0.0024,-0.0006,-0.00559,-1.61444,-1.22392,-91.47,0.1057,0.0000
1.6000,1.1102,0.4114,0.1422,-0.0019,-0.00558,-1.61520,-1.22370,-91.48,0.0914,0.0000
1.6083,0.9913,0.2675,0.2934,-0.0032,-0.00588,-1.61567,-1.22332,-91.47,0.0669,0.0000
1.6167,0.7594,-0.0034,0.3664,0.1491,-0.00587,-1.61616,-1.22319,-91.48,0.0579,0.0000
1.6250,1.8182,-0.0482,0.3832,3.2238,-0.00587,-1.61644,-1.22311,-91.44,0.0338,0.0000
1.6333,1.9451,-0.0001,0.0717,2.1497,-0.00591,-1.61641,-1.22311,-91.27,0.0056,0.0000
1.6417,0.8144,0.0109,-0.0204,0.5211,-0.00592,-1.61623,-1.22316,-91.21,0.0208,0.0000
1.6500,0.4769,-0.0070,0.0080,0.6205,-0.00592,-1.61578,-1.22328,-91.20,0.0547,0.0000
1.6583,0.3481,-0.0080,0.0106,0.1313,-0.00594,-1.61496,-1.22349,-91.20,0.0981,0.0000
1.6667,0.3440,-0.0179,0.0192,-0.0180,-0.00599,-1.61370,-1.22383,-91.19,0.1515,0.0000
1.6750,1.0366,0.3875,-0.0879,0.0614,-0.00565,-1.61210,-1.22466,-91.21,0.1959,0.0000
1.6833,0.6489,0.0279,0.0458,-0.0428,-0.00570,-1.61075,-1.22508,-91.49,0.1618,0.0000
1.6917,1.3181,-0.0087,-0.0009,-0.0087,-0.00576,-1.61080,-1.22499,-91.66,0.0092,0.0000
1.7000,1.1137,-0.0018,0.0020,-0.0019,-0.00575,-1.61138,-1.22480,-91.67,0.0690,0.0000
1.7083,1.2091,0.2170,0.0018,-0.0022,-0.00574,-1.61184,-1.22465,-91.67,0.0563,0.0000
1.7167,2.8264,2.2113,-0.0223,0.0468,-0.00579,-1.61248,-1.22445,-91.89,0.0768,0.0000
1.7250,0.9933,0.3593,0.0085,-0.0063,-0.00576,-1.61346,-1.22415,-91.91,0.1173,0.0000
1.7333,1.1892,0.4021,0.0022,-0.0019,-0.00574,-1.61438,-1.22388,-91.92,0.1102,0.0000
1.7417,0.9016,0.2349,0.0086,-0.0025,-0.00598,-1.61507,-1.22348,-91.91,0.0881,0.0000
1.7500,0.8371,-0.0025,0.2863,-0.0025,-0.00597,-1.61576,-1.22329,-91.91,0.0830,0.0000
1.7583,3.1196,-0.0001,3.3854,0.0874,-0.00590,-1.61601,-1.22298,-91.70,0.0307,0.0000
1.7667,2.8583,-0.0039,3.2794,-0.0036,-0.00603,-1.61578,-1.22285,-91.17,0.0324,0.0000
1.7750,2.9761,0.0009,2.1060,0.0002,-0.00658,-1.61510,-1.22310,-90.40,0.1044,0.0000
1.7833,0.8613,0.0036,0.3944,0.0036,-0.00680,-1.61432,-1.22331,-89.85,0.0978,0.0000
1.7917,0.5068,-0.0089,0.2429,-0.0090,-0.00681,-1.61402,-1.22338,-89.85,0.0363,0.0000
1.8000,0.4707,-0.0038,0.0101,-0.0039,-0.00681,-1.61336,-1.22355,-89.85,0.0783,0.0000
1.8083,0.4297,-0.0189,0.0207,-0.0189,-0.00682,-1.61227,-1.22385,-89.85,0.1314,0.0000
1.8167,0.1691,-0.0226,0.0250,-0.0226,-0.00710,-1.61154,-1.22453,-89.81,0.0933,0.0000
1.8250,0.0870,0.1866,0.0302,-0.0270,-0.00719,-1.60969,-1.22511,-89.87,0.2219,0.0000
1.8333,2.2383,3.1488,-0.0052,0.0335,-0.00670,-1.60951,-1.22539,-90.99,0.0617,0.0000
1.8417,1.5363,2.8522,0.0165,0.0110,-0.00695,-1.60943,-1.22512,-92.02,0.0317,0.0000
1.8500,1.5346,3.1797,-0.0666,-0.1141,-0.00730,-1.61009,-1.22507,-92.71,0.0897,0.0000
1.8583,1.2464,1.5059,0.0743,0.0583,-0.00730,-1.61135,-1.22467,-92.79,0.1513,0.0000
1.8667,1.2194,0.3524,0.0013,0.1150,-0.00717,-1.61240,-1.22426,-92.79,0.1271,0.0000
1.8750,0.9976,0.1805,0.0045,0.2216,-0.00713,-1.61342,-1.22397,-92.79,0.1219,0.0000
1.8833,0.8617,-0.0039,0.0756,0.2483,-0.00721,-1.61431,-1.22368,-92.78,0.1072,0.0000
1.8917,0.9168,-0.0005,0.2667,0.5859,-0.00719,-1.61512,-1.22345,-92.78,0.0968,0.0000
1.9000,2.3200,-0.0003,0.1929,1.9919,-0.00724,-1.61562,-1.22331,-92.28,0.0608,0.0000
1.9083,2.1989,-0.0011,0.2339,1.8696,-0.00734,-1.61586,-1.22318,-91.85,0.0312,0.0000
1.9167,3.1354,0.0018,2.4854,0.3189,-0.00743,-1.61555,-1.22290,-91.27,0.0389,0.0000
1.9250,2.5937,-0.0044,3.1650,0.2789,-0.00744,-1.61486,-1.22268,-90.66,0.0818,0.0000
1.9333,2.5233,0.0052,2.4214,0.1835,-0.00746,-1.61436,-1.22296,-90.14,0.0602,0.0000
1.9417,2.3346,-0.0024,3.2622,-0.0025,-0.00805,-1.61359,-1.22360,-89.63,0.1164,0.0000
1.9500,2.7190,0.0315,0.0414,0.0342,-0.00830,-1.61270,-1.22400,-89.40,0.1111,0.0000
1.9583,0.2076,-0.0236,0.2432,-0.0236,-0.00831,-1.61225,-1.22413,-89.40,0.0539,0.0000
1.9667,0.0998,2.3938,-0.0776,0.0238,-0.00858,-1.61126,-1.22471,-89.77,0.1232,0.0000
1.9750,0.1214,3.1776,0.0068,-0.0099,-0.00850,-1.61097,-1.22449,-90.65,0.0361,0.0000
1.9833,0.0922,4.0463,0.0325,-0.0429,-0.00877,-1.61083,-1.22468,-91.69,0.0372,0.0000
1.9917,0.9583,2.8416,0.0070,-0.0017,-0.00871,-1.61010,-1.22482,-92.87,0.0885,0.0000
2.0000,1.6244,0.5964,0.0641,0.0559,-0.00866,-1.61088,-1.22459,-93.16,0.0935,0.0000
2.0083,1.8710,0.4195,-0.0428,0.2196,-0.00874,-1.61196,-1.22444,-93.14,0.1301,0.0000
2.0167,2.0418,0.1538,0.0649,2.9435,-0.00872,-1.61299,-1.22411,-93.10,0.1243,0.0000
2.0250,2.8848,0.3606,-0.0006,1.7550,-0.00871,-1.61370,-1.22386,-92.58,0.0853,0.0000
2.0333,2.7225,0.3159,-0.0007,1.5065,-0.00888,-1.61426,-1.22366,-92.14,0.0697,0.0000
2.0417,2.3446,0.0021,-0.0006,1.2629,-0.00895,-1.61483,-1.22346,-91.86,0.0696,0.0000
2.0500,2.1422,-0.0096,0.0122,1.3124,-0.00897,-1.61541,-1.22328,-91.73,0.0689,0.0000
2.0583,1.3980,0.0120,0.0858,0.5618,-0.00896,-1.61592,-1.22315,-91.71,0.0620,0.0000
2.0667,0.6676,-0.0034,0.2011,0.2471,-0.00883,-1.61637,-1.22319,-91.61,0.0556,0.0000
2.0750,0.6057,-0.0031,0.2135,0.2503,-0.00883,-1.61661,-1.22314,-91.61,0.0280,0.0000
2.0833,0.5624,-0.0051,0.1741,0.4271,-0.00883,-1.61661,-1.22313,-91.61,0.0012,0.0000
2.0917,0.5723,-0.0099,0.1609,0.3363,-0.00884,-1.61635,-1.22320,-91.60,0.0319,0.0000
2.1000,0.4744,-0.0089,0.2002,0.1625,-0.00886,-1.61574,-1.22335,-91.59,0.0726,0.0000
2.1083,0.4524,-0.0155,0.1123,-0.0152,-0.00889,-1.61474,-1.22360,-91.57,0.1202,0.0000
2.1167,0.3523,-0.0182,0.0197,-0.0182,-0.00893,-1.61318,-1.22402,-91.53,0.1871,0.0000
2.1250,0.1105,2.2917,-0.0765,0.0467,-0.00910,-1.61181,-1.22452,-91.82,0.1667,0.0000
2.1333,0.3064,2.5099,0.0004,0.0013,-0.00900,-1.61106,-1.22446,-92.78,0.0908,0.0000
2.1417,3.1485,0.2784,-0.0398,0.0439,-0.00918,-1.61077,-1.22489,-93.77,0.0414,0.0000
2.1500,1.3132,0.2769,0.0014,-0.0001,-0.00914,-1.61193,-1.22452,-93.82,0.1397,0.0000
2.1583,1.0279,0.0010,0.0025,0.0008,-0.00909,-1.61306,-1.22419,-93.82,0.1364,0.0000
2.1667,0.9510,0.0010,0.0024,0.5940,-0.00900,-1.61408,-1.22378,-93.82,0.1229,0.0000
2.1750,3.0913,-0.0012,0.0028,1.9904,-0.00936,-1.61480,-1.22349,-93.16,0.0962,0.0000
2.1833,2.4348,0.0025,-0.0026,2.0974,-0.00965,-1.61519,-1.22329,-92.46,0.0588,0.0000
2.1917,2.4539,-0.0516,-0.0001,2.8037,-0.00973,-1.61573,-1.22324,-91.90,0.0655,0.0000
2.2000,2.1823,0.0003,-0.0014,1.9468,-0.00986,-1.61590,-1.22320,-91.37,0.0252,0.0000
2.2083,2.0675,-0.0028,-0.0048,1.5421,-0.00994,-1.61611,-1.22311,-91.12,0.0264,0.0000
2.2167,1.7221,-0.0069,0.0012,1.5821,-0.00996,-1.61631,-1.22304,-91.04,0.0246,0.0000
2.2250,0.5916,-0.0107,0.0132,0.4668,-0.00996,-1.61638,-1.22302,-91.04,0.0086,0.0000
2.2333,0.5827,-0.0106,0.0117,0.1781,-0.00996,-1.61620,-1.22306,-91.04,0.0213,0.0000
2.2417,0.5000,-0.0107,0.0128,-0.0108,-0.00998,-1.61570,-1.22319,-91.04,0.0609,0.0000
2.2500,0.3480,-0.0105,0.0125,-0.0106,-0.01000,-1.61481,-1.22342,-91.04,0.1063,0.0000
2.2583,0.3652,0.1611,0.0150,-0.0191,-0.01002,-1.61345,-1.22379,-91.05,0.1631,0.0000
2.2667,0.2511,2.1046,0.0093,-0.0080,-0.00970,-1.61303,-1.22439,-91.62,0.0637,0.0000
2.2750,0.7741,2.0056,0.0016,-0.0005,-0.00952,-1.61211,-1.22442,-92.67,0.1133,0.0000
2.2833,1.3819,0.4216,0.0033,-0.0021,-0.01010,-1.61168,-1.22454,-93.65,0.0862,0.0000
2.2917,1.5210,0.4245,0.0037,-0.0040,-0.01009,-1.61186,-1.22447,-94.00,0.0209,0.0000
2.3000,1.1395,0.0363,0.0023,-0.0007,-0.01005,-1.61292,-1.22414,-94.01,0.1280,0.0000
2.3083,0.9706,-0.0026,-0.0003,-0.0026,-0.00988,-1.61403,-1.22377,-94.00,0.1343,0.0000
2.3167,0.9003,-0.0021,0.0003,-0.0021,-0.00984,-1.61508,-1.22351,-94.00,0.1263,0.0000
2.3250,0.7869,0.0038,0.3348,0.1209,-0.00993,-1.61602,-1.22326,-93.99,0.1130,0.0000
2.3333,4.0065,-0.0014,1.3406,0.2844,-0.01012,-1.61656,-1.22304,-93.64,0.0687,0.0000
2.3417,2.4936,-0.0327,0.2287,2.4987,-0.01050,-1.61679,-1.22294,-92.93,0.0541,0.0000
2.3500,2.1657,-0.0066,0.1273,2.3901,-0.01073,-1.61701,-1.22277,-92.39,0.0378,0.0000
2.3583,2.1729,0.0001,-0.0003,2.2126,-0.01084,-1.61721,-1.22265,-92.06,0.0269,0.0000
2.3667,2.0516,-0.0012,-0.0014,2.2247,-0.01091,-1.61728,-1.22257,-91.87,0.0130,0.0000
2.3750,1.8319,0.0056,-0.0054,2.0433,-0.01095,-1.61724,-1.22255,-91.79,0.0068,0.0000
2.3833,0.5816,-0.0065,0.0071,0.7077,-0.01095,-1.61703,-1.22260,-91.79,0.0247,0.0000
2.3917,0.4207,-0.0026,0.0010,0.1994,-0.01097,-1.61647,-1.22273,-91.79,0.0683,0.0000
2.4000,0.6721,-0.0089,0.0073,0.0613,-0.01070,-1.61586,-1.22326,-91.80,0.0797,0.0000
2.4083,0.5414,0.1419,0.0167,-0.0175,-0.01074,-1.61453,-1.22359,-91.83,0.1595,0.0000
2.4167,0.2191,2.1332,0.0074,-0.0113,-0.01093,-1.61356,-1.22381,-92.40,0.1183,0.0000
2.4250,3.0915,2.5582,-0.1255,0.2011,-0.01100,-1.61245,-1.22396,-93.40,0.1340,0.0000
2.4333,1.0494,0.2551,0.0375,0.0019,-0.01089,-1.61221,-1.22424,-94.18,0.0313,0.0000
2.4417,0.8929,-0.0023,0.0021,-0.0024,-0.01092,-1.61270,-1.22410,-94.24,0.0586,0.0000
2.4500,0.9771,-0.0033,0.0024,-0.0034,-0.01094,-1.61372,-1.22383,-94.24,0.1222,0.0000
2.4583,1.1496,0.0042,-0.0066,0.0042,-0.01106,-1.61482,-1.22361,-94.22,0.1335,0.0000
2.4667,0.8919,-0.0007,0.0032,-0.0009,-0.01104,-1.61583,-1.22334,-94.22,0.1214,0.0000
2.4750,0.7750,-0.0019,0.2480,0.2241,-0.01091,-1.61675,-1.22307,-94.21,0.1116,0.0000
2.4833,4.5024,-0.0266,2.4247,0.4549,-0.01101,-1.61738,-1.22279,-93.96,0.0759,0.0000
2.4917,3.2946,-0.0008,2.0617,0.3174,-0.01138,-1.61723,-1.22245,-93.11,0.0478,0.0000
2.5000,3.4369,0.0036,1.1124,0.1980,-0.01178,-1.61689,-1.22233,-92.29,0.0633,0.0000
2.5083,3.0229,0.0006,2.3446,0.0004,-0.01238,-1.61664,-1.22270,-91.48,0.0778,0.0000
2.5167,1.1957,0.0185,0.4349,0.0200,-0.01298,-1.61618,-1.22308,-90.82,0.0912,0.0000
2.5250,0.5832,-0.0104,0.2596,0.0951,-0.01298,-1.61613,-1.22309,-90.82,0.0060,0.0000
2.5333,0.5107,-0.0070,0.0046,0.1342,-0.01299,-1.61580,-1.22318,-90.82,0.0401,0.0000
2.5417,0.4682,0.3093,0.0229,0.0271,-0.01301,-1.61512,-1.22334,-90.82,0.0817,0.0000
2.5500,0.7554,1.8478,0.0213,-0.0201,-0.01314,-1.61484,-1.22352,-91.29,0.0363,0.0000
2.5583,0.8289,0.7849,0.0311,-0.0303,-0.01305,-1.61457,-1.22359,-91.79,0.0344,0.0000
2.5667,0.0962,1.4726,0.0115,-0.0118,-0.01310,-1.61402,-1.22372,-92.44,0.0660,0.0000
2.5750,1.1414,1.5744,-0.0530,0.1198,-0.01287,-1.61290,-1.22372,-93.27,0.1370,0.0000
2.5833,1.0350,0.1108,0.0089,-0.0076,-0.01314,-1.61282,-1.22420,-94.00,0.0330,0.0000
2.5917,1.0497,0.0699,0.0023,-0.0021,-0.01312,-1.61330,-1.22406,-94.05,0.0579,0.0000
2.6000,1.1318,-0.0016,0.0004,-0.0016,-0.01309,-1.61425,-1.22380,-94.05,0.1141,0.0000
2.6083,0.8721,0.0032,0.0052,0.0028,-0.01300,-1.61527,-1.22340,-94.06,0.1228,0.0000
2.6167,0.8333,-0.0012,0.0020,-0.0012,-0.01297,-1.61627,-1.22316,-94.06,0.1197,0.0000
2.6250,0.7641,-0.0006,0.0029,-0.0008,-0.01294,-1.61718,-1.22295,-94.06,0.1086,0.0000
2.6333,0.8356,0.0003,0.1139,0.2438,-0.01307,-1.61794,-1.22280,-94.05,0.0934,0.0000
2.6417,2.1326,-0.0044,0.2969,2.2103,-0.01311,-1.61847,-1.22266,-93.75,0.0637,0.0000
2.6500,3.2003,0.0078,2.7970,0.2914,-0.01331,-1.61849,-1.22246,-93.20,0.0233,0.0000
2.6583,3.1529,0.0049,1.9107,0.2864,-0.01353,-1.61809,-1.22227,-92.59,0.0553,0.0000
2.6667,2.5968,-0.0036,3.0715,0.1776,-0.01388,-1.61741,-1.22228,-91.93,0.0915,0.0000
2.6750,2.4346,0.0023,2.6701,0.0017,-0.01460,-1.61650,-1.22298,-91.04,0.1401,0.0000
2.6833,0.4386,0.1888,0.3054,-0.0092,-0.01473,-1.61585,-1.22324,-90.86,0.0787,0.0000
2.6917,0.7217,2.5160,0.0349,0.0061,-0.01479,-1.61532,-1.22341,-91.03,0.0638,0.0000
2.7000,0.2849,1.8747,0.0406,-0.0302,-0.01490,-1.61518,-1.22352,-91.39,0.0222,0.0000
2.7083,0.3573,1.4359,0.0211,0.0149,-0.01475,-1.61418,-1.22369,-92.22,0.1208,0.0000
2.7167,0.1707,2.9571,0.0488,-0.0490,-0.01478,-1.61351,-1.22389,-92.67,0.0804,0.0000
2.7250,3.0386,1.2992,-0.1166,0.1949,-0.01470,-1.61227,-1.22418,-93.55,0.1492,0.0000
2.7333,1.3963,0.2080,-0.0001,0.0198,-0.01494,-1.61200,-1.22447,-94.36,0.0437,0.0000
2.7417,1.1451,-0.0015,0.0010,-0.0015,-0.01491,-1.61310,-1.22412,-94.39,0.1328,0.0000
2.7500,1.0056,-0.0018,0.0025,0.3257,-0.01487,-1.61423,-1.22381,-94.39,0.1357,0.0000
2.7583,2.7293,0.0041,-0.0031,1.8193,-0.01489,-1.61512,-1.22343,-94.10,0.1059,0.0000
2.7667,2.3898,0.0020,-0.0020,1.5030,-0.01511,-1.61569,-1.22323,-93.53,0.0740,0.0000
2.7750,2.3034,-0.0023,-0.0024,1.2248,-0.01526,-1.61619,-1.22307,-93.07,0.0629,0.0000
2.7833,2.4509,0.0083,-0.0011,1.2019,-0.01521,-1.61684,-1.22302,-92.74,0.0781,0.0000
2.7917,0.7967,0.0008,0.0012,0.2391,-0.01521,-1.61744,-1.22287,-92.71,0.0713,0.0000
2.8000,0.6277,-0.0030,0.0028,0.3905,-0.01520,-1.61793,-1.22277,-92.71,0.0587,0.0000
2.8083,0.6127,-0.0013,0.1780,0.4073,-0.01519,-1.61823,-1.22270,-92.71,0.0366,0.0000
2.8167,1.7861,0.0083,0.3469,1.9960,-0.01531,-1.61814,-1.22269,-92.50,0.0173,0.0000
2.8250,2.5100,0.0018,2.5302,0.4692,-0.01560,-1.61739,-1.22276,-91.96,0.0973,0.0000
2.8333,0.8871,0.1546,0.3440,0.0830,-0.01584,-1.61603,-1.22305,-91.26,0.1649,0.0000
2.8417,0.8377,0.1462,0.3053,-0.0122,-0.01583,-1.61537,-1.22320,-91.23,0.0802,0.0000
2.8500,0.3161,1.0048,0.0076,0.0092,-0.01587,-1.61434,-1.22348,-91.32,0.1232,0.0000
2.8583,0.2577,1.4128,-0.0028,0.0066,-0.01600,-1.61349,-1.22391,-92.03,0.1030,0.0000
2.8667,0.1364,1.9379,-0.0898,0.0992,-0.01596,-1.61224,-1.22419,-92.75,0.1504,0.0000
2.8750,0.3131,1.0141,0.0029,-0.0054,-0.01607,-1.61154,-1.22466,-93.50,0.0853,0.0000
2.8833,1.2309,0.0628,0.0045,-0.0087,-0.01610,-1.61174,-1.22457,-93.79,0.0251,0.0000
2.8917,1.1013,-0.0016,0.0006,-0.0016,-0.01606,-1.61291,-1.22421,-93.80,0.1396,0.0000
2.9000,1.0169,-0.0012,0.0025,0.1791,-0.01602,-1.61401,-1.22390,-93.80,0.1323,0.0000
2.9083,3.4746,-0.0074,-0.0143,1.8916,-0.01608,-1.61486,-1.22350,-93.47,0.1020,0.0000
2.9167,2.5796,-0.0005,-0.0014,2.2689,-0.01647,-1.61530,-1.22329,-92.66,0.0709,0.0000
2.9250,2.3589,0.0012,0.0023,1.8080,-0.01680,-1.61551,-1.22317,-91.87,0.0476,0.0000
2.9333,2.2183,0.0007,-0.0002,1.8119,-0.01689,-1.61591,-1.22300,-91.52,0.0487,0.0000
2.9417,1.9596,-0.0018,-0.0082,1.6659,-0.01684,-1.61619,-1.22314,-91.01,0.0336,0.0000
2.9500,1.7354,-0.0052,-0.0117,1.4399,-0.01689,-1.61637,-1.22308,-90.86,0.0228,0.0000
2.9583,0.6574,-0.0035,0.0001,0.3394,-0.01688,-1.61654,-1.22304,-90.85,0.0203,0.0000
2.9667,0.7405,0.0674,-0.0041,0.3138,-0.01688,-1.61647,-1.22306,-90.85,0.0075,0.0000
2.9750,0.5414,0.2108,0.0101,-0.0087,-0.01689,-1.61611,-1.22315,-90.84,0.0437,0.0000
2.9833,2.2831,0.5075,-0.1011,0.0466,-0.01692,-1.61541,-1.22332,-90.82,0.0837,0.0000
2.9917,1.3567,0.8224,-0.0955,0.0635,-0.01699,-1.61460,-1.22354,-91.01,0.0974,0.0000
3.0000,0.1781,2.2859,0.0302,-0.0345,-0.01706,-1.61391,-1.22373,-91.18,0.0840,0.0000
3.0083,0.0752,2.2148,-0.1049,0.0536,-0.01689,-1.61264,-1.22432,-91.92,0.1538,0.0000
3.0167,0.0628,1.2025,-0.0019,-0.0081,-0.01708,-1.61210,-1.22443,-92.33,0.0685,0.0000
3.0250,0.2844,0.8340,0.0022,-0.0002,-0.01708,-1.61191,-1.22449,-92.34,0.0231,0.0000
3.0333,1.0717,0.0519,0.0027,-0.0017,-0.01709,-1.61229,-1.22436,-92.38,0.0465,0.0000
3.0417,1.1257,-0.0022,0.0047,-0.0024,-0.01709,-1.61309,-1.22411,-92.38,0.0961,0.0000
3.0500,0.9842,-0.0018,0.0018,-0.0018,-0.01708,-1.61414,-1.22382,-92.38,0.1256,0.0000
3.0583,0.9172,-0.0019,0.0018,-0.0019,-0.01706,-1.61510,-1.22356,-92.38,0.1155,0.0000
3.0667,0.7639,-0.0020,0.0247,0.0929,-0.01728,-1.61593,-1.22336,-92.36,0.1025,0.0000
3.0750,2.2603,-0.0628,0.1810,4.1415,-0.01729,-1.61662,-1.22317,-92.26,0.0831,0.0000
3.0833,2.2286,0.0032,0.0024,2.1948,-0.01737,-1.61697,-1.22305,-91.83,0.0427,0.0000
3.0917,2.1053,-0.0004,-0.0001,2.0438,-0.01746,-1.61717,-1.22294,-91.55,0.0261,0.0000
3.1000,1.9596,-0.0019,0.0002,1.9185,-0.01751,-1.61725,-1.22289,-91.37,0.0112,0.0000
3.1083,1.2882,0.0045,-0.0276,0.9651,-0.01753,-1.61720,-1.22289,-91.32,0.0058,0.0000
3.1167,0.6157,0.0014,-0.0051,0.4239,-0.01753,-1.61694,-1.22296,-91.31,0.0316,0.0000
3.1250,0.4345,-0.0053,0.0082,0.1582,-0.01754,-1.61634,-1.22311,-91.32,0.0713,0.0000
3.1333,0.4328,-0.0163,0.0152,-0.0163,-0.01756,-1.61534,-1.22338,-91.32,0.1202,0.0000
3.1417,0.3434,0.6819,0.0266,-0.0293,-0.01757,-1.61374,-1.22381,-91.26,0.1924,0.0000
3.1500,0.0544,1.0909,0.0029,-0.0007,-0.01709,-1.61323,-1.22424,-91.28,0.0837,0.0000
3.1583,0.0025,0.9088,0.0029,0.0033,-0.01709,-1.61305,-1.22430,-91.29,0.0223,0.0000
3.1667,0.2603,0.6962,0.0027,0.0005,-0.01710,-1.61271,-1.22440,-91.30,0.0410,0.0000
3.1750,1.0152,-0.0027,0.0020,-0.0028,-0.01712,-1.61305,-1.22428,-91.35,0.0412,0.0000
3.1833,0.9487,-0.0021,0.0024,-0.0022,-0.01712,-1.61345,-1.22416,-91.35,0.0478,0.0000
3.1917,2.5107,0.0560,-0.0294,0.0550,-0.01712,-1.61379,-1.22406,-91.35,0.0407,0.0000
3.2000,0.9601,-0.0027,0.0021,-0.0027,-0.01713,-1.61470,-1.22380,-91.35,0.1100,0.0000
3.2083,0.8531,-0.0020,0.0028,-0.0021,-0.01713,-1.61554,-1.22357,-91.34,0.1002,0.0000
3.2167,0.8031,-0.0022,0.0759,-0.0023,-0.01714,-1.61624,-1.22339,-91.34,0.0850,0.0000
3.2250,0.7491,-0.0041,0.2171,-0.0041,-0.01748,-1.61668,-1.22316,-91.33,0.0669,0.0000
3.2333,0.7094,-0.0037,0.2374,-0.0037,-0.01748,-1.61706,-1.22306,-91.33,0.0460,0.0000
3.2417,0.5776,-0.0035,0.1696,-0.0036,-0.01747,-1.61725,-1.22301,-91.34,0.0222,0.0000
3.2500,0.5842,-0.0071,0.0082,0.0767,-0.01747,-1.61720,-1.22302,-91.34,0.0059,0.0000
3.2583,0.5114,-0.0050,0.0049,0.1206,-0.01748,-1.61687,-1.22311,-91.34,0.0394,0.0000
3.2667,0.4017,-0.0073,0.0079,0.0433,-0.01749,-1.61620,-1.22328,-91.34,0.0809,0.0000
3.2750,0.2803,-0.0094,0.0091,-0.0094,-0.01750,-1.61507,-1.22359,-91.33,0.1349,0.0000
3.2833,0.2533,0.3823,0.0160,-0.0172,-0.01750,-1.61326,-1.22403,-91.31,0.2169,0.0000
3.2917,0.0774,0.7517,-0.0097,-0.0051,-0.01713,-1.61296,-1.22432,-91.58,0.0577,0.0000
3.3000,0.1489,0.8236,-0.0016,0.0059,-0.01713,-1.61265,-1.22442,-91.59,0.0379,0.0000
3.3083,1.0593,0.0845,0.0034,-0.0086,-0.01715,-1.61272,-1.22438,-91.63,0.0095,0.0000
3.3167,0.9809,-0.0022,0.0024,-0.0022,-0.01715,-1.61320,-1.22423,-91.63,0.0578,0.0000
3.3250,0.9404,-0.0023,0.0028,-0.0023,-0.01715,-1.61357,-1.22412,-91.63,0.0437,0.0000
3.3333,1.0698,-0.0048,0.0037,-0.0048,-0.01715,-1.61425,-1.22392,-91.63,0.0817,0.0000
3.3417,0.8848,-0.0012,0.0037,-0.0014,-0.01715,-1.61517,-1.22366,-91.63,0.1102,0.0000
3.3500,0.6062,-0.0140,0.0029,-0.0137,-0.01752,-1.61587,-1.22337,-91.62,0.0949,0.0000
3.3583,0.8017,-0.0031,0.0920,-0.0031,-0.01751,-1.61653,-1.22319,-91.62,0.0799,0.0000
3.3667,0.7534,-0.0033,0.3347,-0.0034,-0.01750,-1.61705,-1.22306,-91.62,0.0621,0.0000
3.3750,2.9210,-0.0033,3.2461,-0.0023,-0.01754,-1.61712,-1.22291,-91.39,0.0092,0.0000
3.3833,2.8627,0.0035,2.5050,0.0020,-0.01785,-1.61678,-1.22303,-90.93,0.0550,0.0000
3.3917,0.5350,-0.0034,0.3905,-0.0034,-0.01785,-1.61661,-1.22307,-90.86,0.0201,0.0000
3.4000,0.5562,-0.0109,0.2386,-0.0110,-0.01786,-1.61625,-1.22315,-90.85,0.0435,0.0000
3.4083,0.3687,-0.0093,0.0104,-0.0093,-0.01788,-1.61553,-1.22333,-90.85,0.0865,0.0000
3.4167,0.4133,-0.0182,0.0166,-0.0182,-0.01790,-1.61437,-1.22364,-90.85,0.1391,0.0000
3.4250,1.4102,0.7499,-0.1111,0.0999,-0.01752,-1.61287,-1.22436,-90.84,0.1865,0.0000
3.4333,0.0069,0.6440,0.0004,-0.0027,-0.01752,-1.61245,-1.22450,-90.85,0.0503,0.0000
3.4417,0.1818,0.6698,0.0002,0.0021,-0.01753,-1.61194,-1.22465,-90.88,0.0606,0.0000
3.4500,1.0952,-0.0022,0.0020,-0.0023,-0.01754,-1.61217,-1.22456,-90.92,0.0274,0.0000
3.4583,1.0155,-0.0014,0.0025,-0.0015,-0.01755,-1.61266,-1.22441,-90.92,0.0590,0.0000
3.4667,0.9622,-0.0023,0.0027,-0.0023,-0.01755,-1.61303,-1.22429,-90.92,0.0448,0.0000
3.4750,2.8888,0.1979,-0.0441,0.0472,-0.01755,-1.61343,-1.22417,-90.92,0.0480,0.0000
3.4833,1.0826,0.2585,0.0031,-0.0030,-0.01756,-1.61434,-1.22391,-90.92,0.1089,0.0000
3.4917,1.0838,0.3447,0.0025,-0.0022,-0.01756,-1.61514,-1.22369,-90.92,0.0960,0.0000
3.5000,0.8840,0.3037,0.0038,0.0204,-0.01792,-1.61570,-1.22343,-90.90,0.0795,0.0000
3.5083,0.8868,0.2008,0.0032,-0.0027,-0.01792,-1.61622,-1.22329,-90.91,0.0622,0.0000
3.5167,0.6967,-0.0006,0.0033,-0.0006,-0.01791,-1.61657,-1.22319,-90.91,0.0424,0.0000
3.5250,0.6007,-0.0032,0.1281,-0.0033,-0.01791,-1.61672,-1.22315,-90.91,0.0183,0.0000
3.5333,0.5619,-0.0042,0.2319,-0.0042,-0.01791,-1.61663,-1.22318,-90.91,0.0107,0.0000
3.5417,0.4749,-0.0045,0.2375,-0.0045,-0.01791,-1.61625,-1.22328,-90.91,0.0460,0.0000
3.5500,0.3511,-0.0078,0.0901,-0.0078,-0.01792,-1.61550,-1.22348,-90.90,0.0897,0.0000
3.5583,0.2870,-0.0094,0.0101,-0.0094,-0.01794,-1.61429,-1.22383,-90.90,0.1456,0.0000
3.5667,0.2959,0.3276,0.0344,-0.0087,-0.01752,-1.61266,-1.22443,-90.88,0.2023,0.0000
3.5750,0.1705,0.7656,0.0006,-0.0015,-0.01759,-1.61159,-1.22472,-91.05,0.1278,0.0000
3.5833,4.1836,0.0844,-0.0624,0.0289,-0.01761,-1.61127,-1.22481,-91.10,0.0386,0.0000
3.5917,1.1057,-0.0024,0.0017,-0.0024,-0.01761,-1.61185,-1.22462,-91.10,0.0698,0.0000
3.6000,1.0280,-0.0019,0.0022,-0.0020,-0.01761,-1.61233,-1.22447,-91.10,0.0574,0.0000
3.6083,1.1420,0.1826,0.0021,-0.0022,-0.01762,-1.61269,-1.22435,-91.10,0.0435,0.0000
3.6167,1.4794,2.1985,-0.0491,-0.0504,-0.01762,-1.61344,-1.22413,-91.12,0.0897,0.0000
3.6250,1.1979,0.4997,0.0165,0.0091,-0.01762,-1.61439,-1.22386,-91.14,0.1134,0.0000
3.6333,1.1149,0.3921,0.0023,0.2300,-0.01763,-1.61518,-1.22364,-91.14,0.0958,0.0000
3.6417,0.8570,0.2782,0.0021,0.4929,-0.01805,-1.61580,-1.22353,-91.13,0.0901,0.0000
3.6500,2.3279,0.4902,-0.0086,1.0338,-0.01828,-1.61585,-1.22362,-90.68,0.0275,0.0000
3.6583,2.0273,0.1760,0.0047,1.7048,-0.01829,-1.61613,-1.22353,-90.60,0.0341,0.0000
3.6667,0.7400,-0.0036,0.0072,0.7508,-0.01827,-1.61631,-1.22348,-90.59,0.0213,0.0000
3.6750,0.5693,-0.0047,0.0044,0.2217,-0.01828,-1.61628,-1.22349,-90.59,0.0041,0.0000
3.6833,0.5100,-0.0043,0.0051,-0.0044,-0.01829,-1.61597,-1.22358,-90.59,0.0372,0.0000
3.6917,0.4921,-0.0086,0.0104,-0.0086,-0.01828,-1.61530,-1.22375,-90.57,0.0800,0.0000
3.7000,0.3888,-0.0125,0.0126,-0.0125,-0.01828,-1.61408,-1.22403,-90.51,0.1462,0.0000
3.7083,0.3366,0.0271,0.0275,-0.0239,-0.01798,-1.61217,-1.22428,-90.42,0.2320,0.0000
3.7167,0.4140,0.4770,0.0162,-0.0142,-0.01805,-1.61040,-1.22484,-90.61,0.2132,0.0000
3.7250,2.5550,0.1379,-0.0303,0.0225,-0.01801,-1.60991,-1.22500,-90.79,0.0584,0.0000
3.7333,1.3141,0.1665,0.0018,-0.0019,-0.01797,-1.61054,-1.22481,-90.84,0.0763,0.0000
3.7417,2.1408,0.6144,0.2191,0.1957,-0.01803,-1.61117,-1.22462,-91.19,0.0758,0.0000
3.7500,2.7954,2.2879,-0.0264,0.0520,-0.01801,-1.61183,-1.22445,-91.49,0.0788,0.0000
3.7583,1.1949,0.6577,0.0058,0.0061,-0.01796,-1.61296,-1.22413,-91.53,0.1357,0.0000
3.7667,0.2373,0.2603,0.0322,-0.0343,-0.01821,-1.61411,-1.22391,-91.59,0.1408,0.0000
3.7750,1.0427,0.2294,0.0035,-0.0008,-0.01819,-1.61493,-1.22367,-91.59,0.0985,0.0000
3.7833,0.7342,-0.0020,0.0048,0.2835,-0.01800,-1.61562,-1.22336,-91.58,0.0867,0.0000
3.7917,2.5049,0.0006,-0.0022,2.4469,-0.01824,-1.61592,-1.22322,-91.17,0.0456,0.0000
3.8000,2.3276,0.0051,-0.0004,2.1665,-0.01846,-1.61592,-1.22317,-90.70,0.0264,0.0000
3.8083,2.0618,0.0057,0.0044,1.9366,-0.01859,-1.61582,-1.22316,-90.37,0.0192,0.0000
3.8167,1.9235,0.0040,0.0017,1.8804,-0.01863,-1.61573,-1.22317,-90.24,0.0122,0.0000
3.8250,0.5922,-0.0107,0.0127,0.3735,-0.01863,-1.61552,-1.22322,-90.23,0.0253,0.0000
3.8333,0.4451,-0.0046,0.0062,0.1922,-0.01864,-1.61497,-1.22337,-90.22,0.0656,0.0000
3.8417,0.3742,-0.0076,0.0126,-0.0076,-0.01865,-1.61402,-1.22363,-90.19,0.1151,0.0000
3.8500,0.3511,-0.0197,0.0168,-0.0197,-0.01856,-1.61264,-1.22416,-90.16,0.1656,0.0000
3.8583,0.4730,0.1884,0.0199,-0.0235,-0.01858,-1.61046,-1.22481,-90.12,0.2614,0.0000
3.8667,2.9794,1.7589,-0.1051,0.1270,-0.01856,-1.60900,-1.22532,-90.57,0.1753,0.0000
3.8750,1.6474,2.3551,0.0153,0.0132,-0.01872,-1.60906,-1.22525,-91.59,0.0209,0.0000
3.8833,1.9377,3.3962,-0.0662,-0.0791,-0.01892,-1.60959,-1.22495,-92.25,0.0676,0.0000
3.8917,2.1369,3.0524,-0.2127,-0.2050,-0.01850,-1.61106,-1.22493,-92.31,0.1842,0.0000
3.9000,1.3607,0.3709,0.0004,0.0007,-0.01851,-1.61224,-1.22455,-92.35,0.1412,0.0000
3.9083,1.8111,0.3351,2.0359,-0.0828,-0.01899,-1.61315,-1.22424,-92.35,0.1235,0.0000
3.9167,4.1736,1.0048,2.9226,0.0413,-0.01912,-1.61353,-1.22383,-91.79,0.0485,0.0000
3.9250,3.7084,0.5458,2.0661,0.1781,-0.01905,-1.61366,-1.22329,-91.24,0.0177,0.0000
3.9333,3.4962,1.1724,2.6993,0.1125,-0.01929,-1.61375,-1.22302,-90.65,0.0313,0.0000
3.9417,2.9592,1.4127,2.0891,0.0076,-0.01980,-1.61403,-1.22336,-90.01,0.0694,0.0000
3.9500,3.2429,0.3679,1.4394,-0.0119,-0.02066,-1.61433,-1.22377,-89.58,0.1097,0.0000
3.9583,0.6626,-0.0037,0.2993,0.0972,-0.02065,-1.61465,-1.22368,-89.58,0.0377,0.0000
3.9667,0.5832,-0.0044,0.1688,0.2650,-0.02065,-1.61476,-1.22365,-89.58,0.0134,0.0000
3.9750,0.5219,-0.0067,0.0060,0.3774,-0.02065,-1.61462,-1.22369,-89.58,0.0166,0.0000
3.9833,0.4452,-0.0091,0.0079,0.3167,-0.02066,-1.61418,-1.22381,-89.58,0.0530,0.0000
3.9917,0.4623,-0.0164,0.0204,0.0971,-0.02068,-1.61336,-1.22405,-89.58,0.0982,0.0000
4.0000,0.6793,-0.0180,0.0080,-0.0178,-0.02071,-1.61207,-1.22445,-89.58,0.1550,0.0000
4.0083,0.1585,0.4142,-0.0872,0.0839,-0.02052,-1.61096,-1.22469,-90.04,0.1356,0.0000
4.0167,0.4440,3.6475,-0.0151,-0.0036,-0.02048,-1.61049,-1.22478,-91.17,0.0567,0.0000
4.0250,1.6647,3.2791,-0.0633,0.0665,-0.02089,-1.61018,-1.22515,-92.35,0.0615,0.0000
4.0333,1.0744,2.1594,0.0417,-0.0188,-0.02101,-1.61045,-1.22499,-92.97,0.0359,0.0000
4.0417,1.2713,0.3840,-0.0002,-0.0007,-0.02104,-1.61163,-1.22466,-92.97,0.1412,0.0000
4.0500,1.1126,0.1645,0.0016,-0.0006,-0.02065,-1.61271,-1.22417,-92.97,0.1381,0.0000
4.0583,0.9331,-0.0002,0.0024,-0.0003,-0.02063,-1.61376,-1.22388,-92.97,0.1262,0.0000
4.0667,2.1538,0.0119,3.6432,0.2932,-0.02079,-1.61469,-1.22370,-92.93,0.1128,0.0000
4.0750,3.3355,-0.0395,2.5361,1.6020,-0.02054,-1.61479,-1.22301,-92.27,0.0328,0.0000
4.0833,3.6340,0.0023,1.5274,0.5422,-0.02058,-1.61448,-1.22260,-91.17,0.0373,0.0000
4.0917,3.2345,0.0055,1.2108,0.4029,-0.02064,-1.61406,-1.22260,-90.12,0.0508,0.0000
4.1000,3.1209,-0.0016,2.5129,0.1441,-0.02119,-1.61369,-1.22267,-89.34,0.0796,0.0000
4.1083,3.1382,0.0033,1.6231,0.0029,-0.02178,-1.61318,-1.22289,-88.67,0.0936,0.0000
4.1167,2.5783,-0.0003,1.9848,-0.0001,-0.02261,-1.61230,-1.22365,-87.79,0.1454,0.0000
4.1250,1.0436,1.3197,0.2157,-0.0473,-0.02350,-1.61088,-1.22462,-86.88,0.2010,0.0000
4.1333,0.3469,2.1504,0.0754,-0.0141,-0.02371,-1.61166,-1.22459,-87.65,0.0965,0.0000
4.1417,0.5783,4.4782,0.0351,-0.0386,-0.02370,-1.61202,-1.22446,-88.44,0.0434,0.0000
4.1500,0.9514,3.6490,0.0100,0.0276,-0.02360,-1.61200,-1.22430,-89.29,0.0117,0.0000
4.1583,0.5541,4.1834,0.0722,0.1921,-0.02354,-1.61182,-1.22424,-90.06,0.0234,0.0000
4.1667,0.0154,6.3192,0.0236,0.4543,-0.02340,-1.61246,-1.22402,-90.35,0.0790,0.0000
4.1750,0.0516,4.3616,0.0437,0.2409,-0.02359,-1.61201,-1.22442,-91.45,0.0581,0.0000
4.1833,-0.0014,2.8488,-0.0013,-0.0031,-0.02330,-1.61099,-1.22442,-92.53,0.1274,0.0000
4.1917,0.7973,0.3847,0.0314,0.4271,-0.02348,-1.61136,-1.22474,-93.13,0.0489,0.0000
4.2000,2.7864,0.1484,0.0524,1.8432,-0.02354,-1.61238,-1.22437,-93.04,0.1227,0.0000
4.2083,2.8509,0.2329,-0.0028,1.4669,-0.02331,-1.61317,-1.22399,-92.51,0.0993,0.0000
4.2167,2.5950,0.1109,-0.0065,1.3463,-0.02347,-1.61373,-1.22379,-92.06,0.0697,0.0000
4.2250,2.2571,-0.0092,-0.0078,1.0470,-0.02354,-1.61409,-1.22367,-91.60,0.0436,0.0000
4.2333,1.3780,0.0061,0.3555,0.5157,-0.02354,-1.61452,-1.22355,-91.33,0.0514,0.0000
4.2417,3.1080,-0.0079,3.3556,1.6298,-0.02326,-1.61452,-1.22311,-90.82,0.0334,0.0000
4.2500,3.2873,0.0034,2.4044,0.2944,-0.02333,-1.61408,-1.22281,-89.97,0.0533,0.0000
4.2583,2.8426,0.0150,2.8308,0.3134,-0.02333,-1.61326,-1.22254,-89.12,0.0987,0.0000
4.2667,2.5207,-0.0018,3.2031,0.1705,-0.02361,-1.61249,-1.22288,-88.24,0.0980,0.0000
4.2750,2.6313,0.0027,2.3606,0.0031,-0.02425,-1.61158,-1.22331,-87.58,0.1333,0.0000
4.2833,1.9589,2.3891,3.0492,-0.0007,-0.02515,-1.61157,-1.22382,-87.68,0.1081,0.0000
4.2917,0.7451,3.1229,0.3310,-0.0468,-0.02598,-1.61247,-1.22422,-88.52,0.1473,0.0000
4.3000,0.2259,3.0002,0.1006,-0.0201,-0.02614,-1.61271,-1.22419,-89.35,0.0340,0.0000
4.3083,0.9748,2.9145,0.0216,0.0628,-0.02608,-1.61253,-1.22413,-90.17,0.0222,0.0000
4.3167,0.2416,4.3061,0.0737,-0.0421,-0.02635,-1.61242,-1.22429,-91.00,0.0355,0.0000
4.3250,0.1292,4.1030,0.0208,-0.0401,-0.02617,-1.61163,-1.22424,-91.94,0.0980,0.0000
4.3333,0.6492,2.6436,-0.1092,-0.0088,-0.02623,-1.61075,-1.22502,-93.33,0.1052,0.0000
4.3417,1.2083,0.3541,0.0050,0.0020,-0.02624,-1.61183,-1.22473,-93.33,0.1302,0.0000
4.3500,0.8707,0.0271,0.0023,0.1748,-0.02629,-1.61299,-1.22442,-93.32,0.1383,0.0000
4.3583,4.4751,0.0517,-0.0069,1.1619,-0.02598,-1.61375,-1.22379,-93.06,0.0990,0.0000
4.3667,2.5882,-0.0021,-0.0055,2.0051,-0.02632,-1.61431,-1.22359,-92.34,0.0777,0.0000
4.3750,2.6384,0.0053,0.0043,1.7520,-0.02664,-1.61455,-1.22346,-91.58,0.0490,0.0000
4.3833,2.7656,-0.0033,0.0088,1.1639,-0.02687,-1.61468,-1.22339,-90.93,0.0318,0.0000
4.3917,2.2651,-0.0258,0.0038,1.3073,-0.02687,-1.61505,-1.22344,-90.42,0.0444,0.0000
4.4000,1.5690,0.0197,0.0188,0.6834,-0.02689,-1.61546,-1.22333,-90.33,0.0494,0.0000
4.4083,0.6701,-0.0034,0.1206,0.5632,-0.02689,-1.61582,-1.22324,-90.33,0.0429,0.0000
4.4167,0.5724,-0.0041,0.1018,0.2853,-0.02689,-1.61598,-1.22320,-90.33,0.0190,0.0000
4.4250,0.5446,-0.0050,0.1511,0.0122,-0.02689,-1.61589,-1.22322,-90.33,0.0104,0.0000
4.4333,0.4593,-0.0053,0.4558,-0.0054,-0.02690,-1.61550,-1.22332,-90.32,0.0474,0.0000
4.4417,0.3218,-0.0097,0.2475,-0.0098,-0.02690,-1.61473,-1.22353,-90.29,0.0916,0.0000
4.4500,0.3632,0.2360,0.0146,-0.0162,-0.02691,-1.61350,-1.22387,-90.26,0.1486,0.0000
4.4583,0.4009,2.9929,0.0373,-0.0387,-0.02704,-1.61304,-1.22404,-90.97,0.0563,0.0000
4.4667,0.1225,2.7487,0.0269,-0.0307,-0.02691,-1.61255,-1.22438,-91.95,0.0612,0.0000
4.4750,3.1504,1.9457,-0.1372,0.1364,-0.02708,-1.61197,-1.22451,-92.86,0.0730,0.0000
4.4833,1.4248,0.3796,-0.0000,-0.0071,-0.02721,-1.61216,-1.22435,-93.20,0.0278,0.0000
4.4917,2.5378,0.3382,-0.0017,0.0366,-0.02721,-1.61282,-1.22414,-93.20,0.0790,0.0000
4.5000,0.9926,-0.0018,0.0011,-0.0018,-0.02720,-1.61393,-1.22381,-93.20,0.1341,0.0000
4.5083,0.9266,-0.0021,0.0009,0.0222,-0.02718,-1.61498,-1.22352,-93.20,0.1259,0.0000
4.5167,2.2222,-0.0685,0.0569,4.2542,-0.02753,-1.61592,-1.22351,-93.11,0.1200,0.0000
4.5250,2.6803,0.0010,-0.0008,2.3124,-0.02775,-1.61647,-1.22333,-92.50,0.0712,0.0000
4.5333,2.6702,0.0055,0.0041,2.2208,-0.02789,-1.61699,-1.22309,-92.10,0.0645,0.0000
4.5417,2.4500,-0.0002,-0.0003,2.0321,-0.02803,-1.61739,-1.22288,-91.82,0.0507,0.0000
4.5500,2.2725,-0.0366,-0.0049,2.2491,-0.02779,-1.61761,-1.22256,-91.51,0.0380,0.0000
4.5583,1.9792,-0.0116,-0.0171,1.5691,-0.02775,-1.61778,-1.22268,-91.21,0.0211,0.0000
4.5667,0.5952,-0.0099,0.0116,0.3602,-0.02775,-1.61779,-1.22268,-91.20,0.0009,0.0000
4.5750,0.5724,-0.0096,0.0097,0.1888,-0.02775,-1.61753,-1.22274,-91.19,0.0312,0.0000
4.5833,0.5211,-0.0111,0.0124,-0.0112,-0.02776,-1.61692,-1.22289,-91.17,0.0733,0.0000
4.5917,0.4283,-0.0180,0.0097,-0.0181,-0.02777,-1.61588,-1.22315,-91.15,0.1238,0.0000
4.6000,0.3714,0.3642,0.0231,-0.0219,-0.02774,-1.61432,-1.22359,-91.09,0.1879,0.0000
4.6083,0.8817,1.9125,-0.0401,0.0105,-0.02780,-1.61347,-1.22382,-91.88,0.1016,0.0000
4.6167,3.2936,0.6516,-0.0686,0.1212,-0.02765,-1.61284,-1.22414,-92.76,0.0777,0.0000
4.6250,1.1799,0.3123,0.0009,-0.0050,-0.02774,-1.61323,-1.22398,-92.96,0.0475,0.0000
4.6333,0.8586,0.0451,0.0021,-0.0024,-0.02776,-1.61380,-1.22384,-92.96,0.0681,0.0000
4.6417,0.7870,-0.0023,0.0024,-0.0023,-0.02778,-1.61425,-1.22373,-92.96,0.0549,0.0000
4.6500,0.9152,-0.0038,0.0025,-0.0038,-0.02781,-1.61497,-1.22355,-92.95,0.0861,0.0000
4.6583,0.7965,-0.0009,0.0026,-0.0010,-0.02781,-1.61593,-1.22319,-92.95,0.1148,0.0000
4.6667,0.7439,-0.0019,0.0020,-0.0020,-0.02782,-1.61685,-1.22299,-92.95,0.1108,0.0000
4.6750,0.6631,-0.0019,0.0033,-0.0020,-0.02782,-1.61766,-1.22281,-92.95,0.0972,0.0000
4.6833,0.6872,-0.0052,0.0367,0.2352,-0.02777,-1.61832,-1.22263,-92.95,0.0797,0.0000
4.6917,2.2963,0.0143,0.0126,2.6971,-0.02798,-1.61865,-1.22249,-92.64,0.0468,0.0000
4.7000,2.3784,-0.0019,0.0034,2.2561,-0.02824,-1.61873,-1.22241,-92.25,0.0330,0.0000
4.7083,2.0630,0.0002,-0.0006,2.2393,-0.02843,-1.61860,-1.22240,-91.93,0.0275,0.0000
4.7167,0.9197,0.0098,-0.0281,0.3533,-0.02848,-1.61839,-1.22244,-91.81,0.0261,0.0000
4.7250,0.4918,-0.0028,0.0031,0.3243,-0.02848,-1.61794,-1.22254,-91.80,0.0529,0.0000
4.7333,0.4148,-0.0084,0.0090,0.1066,-0.02849,-1.61712,-1.22274,-91.77,0.0994,0.0000
4.7417,0.2503,-0.0073,0.0071,-0.0073,-0.02849,-1.61578,-1.22308,-91.73,0.1599,0.0000
4.7500,0.2356,0.8443,-0.0440,0.0490,-0.02839,-1.61412,-1.22361,-91.80,0.1998,0.0000
4.7583,0.7382,1.4653,-0.0042,0.0023,-0.02840,-1.61313,-1.22390,-92.72,0.1192,0.0000
4.7667,1.4236,0.3222,-0.0030,-0.0091,-0.02841,-1.61318,-1.22390,-93.15,0.0065,0.0000
4.7750,1.0113,0.1340,0.0018,-0.0018,-0.02841,-1.61377,-1.22373,-93.15,0.0713,0.0000
4.7833,0.9374,0.0714,0.0024,-0.0018,-0.02840,-1.61426,-1.22359,-93.15,0.0585,0.0000
4.7917,2.6098,0.0464,-0.0393,0.0463,-0.02840,-1.61479,-1.22345,-93.15,0.0635,0.0000
4.8000,0.8801,-0.0009,0.0014,-0.0010,-0.02840,-1.61583,-1.22318,-93.15,0.1243,0.0000
4.8083,0.8014,-0.0019,0.0018,-0.0020,-0.02839,-1.61678,-1.22295,-93.15,0.1141,0.0000
4.8167,0.7300,-0.0021,0.0317,-0.0021,-0.02838,-1.61762,-1.22276,-93.14,0.1011,0.0000
4.8250,0.7713,-0.0022,0.2676,0.1544,-0.02838,-1.61836,-1.22257,-93.16,0.0883,0.0000
4.8333,2.5275,0.0025,2.7920,0.4371,-0.02838,-1.61889,-1.22242,-93.13,0.0638,0.0000
4.8417,3.0394,-0.0004,2.5368,0.2902,-0.02870,-1.61896,-1.22242,-92.72,0.0391,0.0000
4.8500,2.7850,0.0106,0.7486,0.0704,-0.02895,-1.61873,-1.22249,-92.28,0.0407,0.0000
4.8583,0.5902,-0.0080,0.2945,0.2031,-0.02896,-1.61868,-1.22251,-92.19,0.0065,0.0000
4.8667,0.5524,-0.0088,0.1032,0.2666,-0.02896,-1.61850,-1.22255,-92.18,0.0216,0.0000
4.8750,0.4528,-0.0047,0.0025,0.2509,-0.02896,-1.61785,-1.22269,-92.16,0.0786,0.0000
4.8833,0.4310,-0.0156,0.0116,0.1071,-0.02897,-1.61683,-1.22293,-92.14,0.1223,0.0000
4.8917,0.3374,-0.0170,0.0174,-0.0170,-0.02897,-1.61531,-1.22331,-92.10,0.1822,0.0000
4.9000,0.1908,-0.2962,-0.0602,0.0721,-0.02895,-1.61340,-1.22386,-92.25,0.2286,0.0000
4.9083,-0.5185,3.6766,0.0025,0.0954,-0.02913,-1.61257,-1.22442,-93.29,0.1026,0.0000
4.9167,1.5577,0.3939,-0.0147,0.0151,-0.02931,-1.61250,-1.22450,-93.68,0.0231,0.0000
4.9250,1.5780,0.1106,-0.0057,0.0015,-0.02930,-1.61326,-1.22427,-93.68,0.0914,0.0000
4.9333,1.0883,-0.0025,0.0024,-0.0026,-0.02925,-1.61437,-1.22393,-93.69,0.1331,0.0000
4.9417,0.9071,0.0008,0.0020,0.1344,-0.02878,-1.61534,-1.22338,-93.68,0.1294,0.0000
4.9500,0.8421,-0.0011,0.0025,0.3855,-0.02877,-1.61631,-1.22314,-93.67,0.1168,0.0000
4.9583,0.7776,-0.0020,0.0022,0.3434,-0.02876,-1.61719,-1.22293,-93.67,0.1052,0.0000
4.9667,1.4784,0.0222,2.1275,0.4000,-0.02900,-1.61797,-1.22293,-93.64,0.0975,0.0000
4.9750,3.6549,-0.0036,3.0028,0.9846,-0.02916,-1.61803,-1.22252,-93.01,0.0209,0.0000
4.9833,3.5616,0.0106,2.6480,0.4136,-0.02939,-1.61764,-1.22217,-92.17,0.0541,0.0000
4.9917,2.9265,-0.0027,2.6841,0.3542,-0.02957,-1.61705,-1.22191,-91.40,0.0743,0.0000
5.0000,2.8023,0.0055,1.9790,0.2454,-0.03000,-1.61681,-1.22229,-90.78,0.0591,0.0000
5.0083,2.5380,0.0964,2.9309,-0.0010,-0.03087,-1.61612,-1.22285,-90.21,0.1332,0.0000
5.0167,0.4313,2.5440,0.4430,-0.0314,-0.03141,-1.61571,-1.22339,-90.11,0.0816,0.0000
5.0250,0.4843,3.4633,0.0272,-0.0351,-0.03139,-1.61544,-1.22342,-90.42,0.0322,0.0000
5.0333,0.2318,1.7700,0.0168,-0.0166,-0.03114,-1.61505,-1.22345,-90.62,0.0558,0.0000
5.0417,0.1724,1.1563,0.0018,-0.0014,-0.03122,-1.61424,-1.22365,-91.28,0.0967,0.0000
5.0500,0.2659,4.3216,-0.0956,0.0452,-0.03106,-1.61309,-1.22396,-92.14,0.1396,0.0000
5.0583,0.3260,1.3022,-0.0019,-0.0046,-0.03149,-1.61231,-1.22407,-93.04,0.1070,0.0000
5.0667,1.1838,0.2688,0.0015,-0.0104,-0.03157,-1.61228,-1.22401,-93.26,0.0106,0.0000
5.0750,1.2119,-0.0001,0.0019,-0.0002,-0.03157,-1.61307,-1.22379,-93.26,0.0947,0.0000
5.0833,0.9381,-0.0018,0.0016,-0.0018,-0.03157,-1.61419,-1.22350,-93.25,0.1350,0.0000
5.0917,0.9236,-0.0003,-0.0001,0.3829,-0.03138,-1.61534,-1.22338,-93.25,0.1396,0.0000
5.1000,2.5874,0.0010,-0.0013,1.7851,-0.03160,-1.61601,-1.22315,-92.82,0.0846,0.0000
5.1083,2.3354,0.0006,-0.0100,1.4419,-0.03184,-1.61639,-1.22302,-92.27,0.0531,0.0000
5.1167,2.2071,0.0004,0.0009,1.2247,-0.03200,-1.61669,-1.22293,-91.85,0.0411,0.0000
5.1250,2.5947,-0.0226,-0.0016,1.6032,-0.03197,-1.61714,-1.22290,-91.59,0.0545,0.0000
5.1333,0.6744,-0.0031,0.0013,0.5891,-0.03196,-1.61755,-1.22282,-91.55,0.0496,0.0000
5.1417,0.5995,-0.0053,0.1042,0.3910,-0.03196,-1.61784,-1.22275,-91.54,0.0339,0.0000
5.1500,0.6120,-0.0016,0.5202,0.1389,-0.03196,-1.61791,-1.22273,-91.54,0.0088,0.0000
5.1583,1.7790,0.0455,1.9375,0.1479,-0.03197,-1.61770,-1.22277,-91.53,0.0257,0.0000
5.1667,0.5829,0.0029,0.2899,0.0685,-0.03198,-1.61712,-1.22292,-91.50,0.0693,0.0000
5.1750,0.2572,-0.0108,0.1473,-0.0109,-0.03200,-1.61611,-1.22317,-91.47,0.1214,0.0000
5.1833,0.3568,-0.0039,0.0035,-0.0039,-0.03201,-1.61456,-1.22357,-91.41,0.1857,0.0000
5.1917,0.2327,1.4182,0.0104,-0.0071,-0.03204,-1.61260,-1.22416,-91.42,0.2348,0.0000
5.2000,0.0906,1.3557,0.0024,-0.0005,-0.03188,-1.61202,-1.22447,-91.93,0.0726,0.0000
5.2083,0.9910,0.4557,0.0063,0.0266,-0.03188,-1.61189,-1.22451,-91.93,0.0162,0.0000
5.2167,1.0264,0.0634,0.0022,-0.0021,-0.03189,-1.61234,-1.22436,-91.94,0.0541,0.0000
5.2250,1.1207,-0.0038,0.0033,-0.0039,-0.03191,-1.61309,-1.22414,-91.94,0.0908,0.0000
5.2333,0.9413,-0.0004,0.0026,-0.0005,-0.03193,-1.61414,-1.22385,-91.93,0.1257,0.0000
5.2417,0.7583,-0.0023,-0.0001,0.1334,-0.03226,-1.61507,-1.22370,-91.92,0.1190,0.0000
5.2500,4.0358,-0.0377,0.0983,4.6560,-0.03238,-1.61580,-1.22355,-91.74,0.0885,0.0000
5.2583,2.5642,-0.0002,-0.0014,2.1033,-0.03249,-1.61632,-1.22333,-91.34,0.0635,0.0000
5.2667,2.4493,0.0012,0.0039,2.0355,-0.03259,-1.61672,-1.22315,-91.06,0.0497,0.0000
5.2750,2.3767,0.0315,0.0014,1.7595,-0.03236,-1.61688,-1.22294,-90.66,0.0341,0.0000
5.2833,1.8909,-0.0074,-0.0113,1.3739,-0.03242,-1.61698,-1.22290,-90.50,0.0142,0.0000
5.2917,0.5620,-0.0118,0.0125,0.3547,-0.03242,-1.61703,-1.22289,-90.49,0.0066,0.0000
5.3000,0.5108,0.0048,-0.0030,0.1813,-0.03242,-1.61677,-1.22295,-90.48,0.0321,0.0000
5.3083,0.4512,-0.0092,0.0064,-0.0092,-0.03242,-1.61617,-1.22310,-90.47,0.0713,0.0000
5.3167,0.3083,0.1376,0.0158,-0.0137,-0.03243,-1.61513,-1.22337,-90.43,0.1255,0.0000
5.3250,0.3178,1.2953,-0.0138,0.0115,-0.03241,-1.61376,-1.22378,-90.49,0.1639,0.0000
5.3333,0.4647,0.5750,-0.0042,-0.0081,-0.03240,-1.61310,-1.22400,-91.21,0.0800,0.0000
5.3417,0.0021,0.9024,0.0019,-0.0014,-0.03240,-1.61283,-1.22409,-91.36,0.0319,0.0000
5.3500,0.1953,0.6779,0.0035,-0.0022,-0.03239,-1.61255,-1.22417,-91.36,0.0330,0.0000
5.3583,0.9796,0.0867,0.0032,-0.0020,-0.03241,-1.61278,-1.22410,-91.37,0.0265,0.0000
5.3667,0.9202,-0.0023,0.0022,-0.0024,-0.03241,-1.61320,-1.22398,-91.37,0.0507,0.0000
5.3750,1.6542,0.0363,0.0047,0.0346,-0.03241,-1.61375,-1.22382,-91.36,0.0668,0.0000
5.3833,0.8825,-0.0019,0.0020,-0.0020,-0.03242,-1.61474,-1.22355,-91.36,0.1177,0.0000
5.3917,0.8111,-0.0020,0.0023,-0.0020,-0.03242,-1.61562,-1.22332,-91.36,0.1064,0.0000
5.4000,0.7390,-0.0020,0.0030,-0.0020,-0.03243,-1.61639,-1.22313,-91.36,0.0918,0.0000
5.4083,0.7684,-0.0010,0.0022,0.0993,-0.03268,-1.61704,-1.22319,-91.34,0.0837,0.0000
5.4167,1.9536,-0.0309,0.0532,3.3510,-0.03269,-1.61747,-1.22307,-91.30,0.0516,0.0000
5.4250,2.1499,-0.0011,0.0001,2.2560,-0.03269,-1.61755,-1.22303,-91.00,0.0098,0.0000
5.4333,1.9547,0.0033,-0.0029,2.0048,-0.03271,-1.61751,-1.22302,-90.84,0.0052,0.0000
5.4417,0.5218,-0.0050,0.0055,0.3807,-0.03271,-1.61728,-1.22308,-90.83,0.0279,0.0000
5.4500,0.4342,-0.0067,0.0079,0.2474,-0.03272,-1.61674,-1.22321,-90.82,0.0649,0.0000
5.4583,0.4158,-0.0115,0.0114,-0.0116,-0.03272,-1.61572,-1.22346,-90.75,0.1219,0.0000
5.4667,0.3281,0.1769,0.0152,-0.0164,-0.03268,-1.61401,-1.22388,-90.64,0.2054,0.0000
5.4750,0.2643,1.6921,0.0158,0.0443,-0.03236,-1.61279,-1.22415,-90.95,0.1521,0.0000
5.4833,-0.0139,0.8969,0.0072,0.0053,-0.03239,-1.61239,-1.22425,-91.08,0.0473,0.0000
5.4917,2.1791,0.3871,-0.0410,0.0468,-0.03240,-1.61197,-1.22436,-91.09,0.0509,0.0000
5.5000,0.9945,-0.0022,0.0023,-0.0023,-0.03241,-1.61248,-1.22421,-91.09,0.0614,0.0000
5.5083,0.9435,-0.0022,0.0020,-0.0023,-0.03242,-1.61291,-1.22409,-91.09,0.0508,0.0000
5.5167,2.5774,0.0115,-0.0519,0.0129,-0.03242,-1.61340,-1.22395,-91.09,0.0598,0.0000
5.5250,0.9151,-0.0002,0.0029,-0.0004,-0.03244,-1.61439,-1.22369,-91.09,0.1184,0.0000
5.5333,0.8466,-0.0041,0.0005,-0.0040,-0.03245,-1.61528,-1.22346,-91.08,0.1066,0.0000
5.5417,0.7760,-0.0007,0.1712,-0.0008,-0.03246,-1.61605,-1.22327,-91.08,0.0925,0.0000
5.5500,0.8883,0.0193,0.3372,-0.0400,-0.03276,-1.61672,-1.22329,-91.09,0.0883,0.0000
5.5583,3.4108,-0.0053,2.3984,-0.0059,-0.03291,-1.61679,-1.22320,-90.75,0.0197,0.0000
5.5667,1.5948,0.1606,0.4746,0.0240,-0.03301,-1.61655,-1.22320,-90.32,0.0319,0.0000
5.5750,0.5522,-0.0057,0.2715,-0.0058,-0.03301,-1.61665,-1.22318,-90.32,0.0118,0.0000
5.5833,0.5215,-0.0059,0.0612,0.0384,-0.03302,-1.61646,-1.22323,-90.32,0.0218,0.0000
5.5917,0.4644,-0.0056,0.0099,0.0446,-0.03303,-1.61597,-1.22336,-90.32,0.0593,0.0000
5.6000,0.3862,-0.0107,0.0098,-0.0108,-0.03305,-1.61508,-1.22361,-90.32,0.1073,0.0000
5.6083,0.3820,-0.0217,0.0217,-0.0218,-0.03308,-1.61371,-1.22401,-90.31,0.1636,0.0000
5.6167,0.1668,1.7550,-0.1628,0.0926,-0.03279,-1.61163,-1.22431,-90.36,0.2527,0.0000
5.6250,0.1360,1.2435,0.0018,0.0356,-0.03318,-1.61102,-1.22508,-91.04,0.0863,0.0000
5.6333,2.8491,0.7617,-0.0551,0.0732,-0.03321,-1.61049,-1.22524,-91.10,0.0638,0.0000
5.6417,1.2168,-0.0017,0.0024,-0.0018,-0.03321,-1.61098,-1.22505,-91.11,0.0592,0.0000
5.6500,2.8365,0.0428,-0.0411,0.0427,-0.03319,-1.61158,-1.22484,-91.11,0.0720,0.0000
5.6583,1.1869,-0.0017,0.0003,-0.0016,-0.03315,-1.61265,-1.22448,-91.12,0.1275,0.0000
5.6667,1.1045,0.0386,0.0034,-0.0007,-0.03312,-1.61363,-1.22416,-91.12,0.1185,0.0000
5.6750,0.9046,-0.0014,0.0019,-0.0014,-0.03279,-1.61445,-1.22364,-91.12,0.1059,0.0000
5.6833,0.8601,-0.0029,0.4047,-0.0029,-0.03279,-1.61525,-1.22343,-91.11,0.0958,0.0000
5.6917,3.9208,0.0031,1.9313,0.1365,-0.03249,-1.61537,-1.22296,-90.83,0.0377,0.0000
5.7000,3.5093,0.0750,1.9325,1.2990,-0.03180,-1.61452,-1.22227,-89.96,0.1316,0.0000
5.7083,3.5398,1.2676,4.3032,-0.0169,-0.03274,-1.61467,-1.22263,-89.34,0.1142,0.0000
5.7167,2.9953,0.9027,3.6857,0.0045,-0.03396,-1.61497,-1.22307,-89.15,0.1509,0.0000
5.7250,1.3248,0.4513,0.7126,0.0133,-0.03415,-1.61469,-1.22357,-88.82,0.0413,0.0000
5.7333,0.5575,0.1345,0.2486,-0.0055,-0.03415,-1.61424,-1.22369,-88.79,0.0534,0.0000
5.7417,0.4208,0.0581,0.0124,-0.0085,-0.03416,-1.61340,-1.22393,-88.76,0.1007,0.0000
5.7500,0.4525,0.3259,0.0074,0.0107,-0.03449,-1.61211,-1.22467,-88.70,0.1605,0.0000
5.7583,0.2078,0.6409,-0.0013,-0.0074,-0.03453,-1.61116,-1.22499,-88.78,0.1135,0.0000
5.7667,0.0014,0.5876,0.0014,-0.0004,-0.03455,-1.61059,-1.22519,-88.77,0.0685,0.0000
5.7750,0.1687,0.4191,0.0353,-0.0381,-0.03398,-1.60963,-1.22525,-88.75,0.1337,0.0000
5.7833,1.6018,2.4848,0.0265,0.0205,-0.03446,-1.60945,-1.22506,-89.80,0.0607,0.0000
5.7917,2.5791,2.3548,-0.0267,0.0042,-0.03476,-1.60986,-1.22478,-90.62,0.0607,0.0000
5.8000,0.9008,0.0172,-0.0109,0.0173,-0.03466,-1.61199,-1.22447,-91.33,0.2563,0.0000
5.8083,1.0353,0.1065,0.0021,0.1496,-0.03468,-1.61306,-1.22416,-91.32,0.1280,0.0000
5.8167,0.8318,0.0920,0.0042,0.4246,-0.03502,-1.61401,-1.22402,-91.30,0.1213,0.0000
5.8250,2.7736,0.2823,-0.0016,1.4853,-0.03509,-1.61469,-1.22381,-91.06,0.0816,0.0000
5.8333,2.5676,0.1775,0.0006,1.3028,-0.03512,-1.61529,-1.22360,-90.88,0.0728,0.0000
5.8417,2.3585,-0.0023,-0.0061,1.1000,-0.03513,-1.61583,-1.22343,-90.80,0.0650,0.0000
5.8500,0.9463,0.0043,0.0235,0.2925,-0.03486,-1.61622,-1.22316,-90.68,0.0562,0.0000
5.8583,0.6114,-0.0054,0.3919,0.3111,-0.03486,-1.61658,-1.22307,-90.68,0.0433,0.0000
5.8667,2.9631,0.0071,2.2951,0.1926,-0.03479,-1.61619,-1.22283,-90.29,0.0478,0.0000
5.8750,2.2907,-0.0049,3.2221,0.1556,-0.03480,-1.61526,-1.22279,-89.69,0.1110,0.0000
5.8833,2.4088,-0.0177,2.5351,0.0303,-0.03518,-1.61387,-1.22325,-88.93,0.1735,0.0000
5.8917,1.2176,0.1597,2.9078,0.0067,-0.03613,-1.61183,-1.22442,-88.00,0.2698,0.0000
5.9000,-0.0257,-0.0326,0.0377,-0.0327,-0.03604,-1.61084,-1.22488,-88.01,0.1192,0.0000
5.9083,0.1676,4.3856,0.0050,-0.0024,-0.03587,-1.60975,-1.22505,-88.14,0.1327,0.0000
5.9167,0.1018,1.8765,-0.0049,0.0044,-0.03589,-1.60978,-1.22511,-89.29,0.0046,0.0000
5.9250,0.9047,1.9779,-0.0536,0.0689,-0.03588,-1.60984,-1.22516,-90.30,0.0066,0.0000
5.9333,1.5895,3.0236,-0.0337,-0.0335,-0.03618,-1.61009,-1.22491,-91.08,0.0474,0.0000
5.9417,1.7543,1.5822,0.1245,0.1141,-0.03638,-1.61085,-1.22457,-91.65,0.0943,0.0000
5.9500,1.2123,0.3600,0.0012,-0.0043,-0.03629,-1.61205,-1.22434,-91.65,0.1440,0.0000
5.9583,1.1505,0.3137,0.0016,0.0785,-0.03631,-1.61310,-1.22404,-91.65,0.1268,0.0000
5.9667,2.5199,-0.0076,0.0682,3.7965,-0.03639,-1.61403,-1.22377,-91.53,0.1119,0.0000
5.9750,2.7788,0.3214,-0.0007,2.1412,-0.03666,-1.61456,-1.22353,-90.96,0.0708,0.0000
5.9833,2.7903,0.3125,-0.0009,1.9367,-0.03697,-1.61487,-1.22335,-90.45,0.0535,0.0000
5.9917,2.5197,0.1198,-0.0002,1.7675,-0.03723,-1.61509,-1.22322,-90.03,0.0401,0.0000
6.0000,2.2762,-0.0006,-0.0020,1.5275,-0.03739,-1.61523,-1.22314,-89.72,0.0250,0.0000
6.0083,1.7175,0.0091,-0.0139,0.7232,-0.03743,-1.61542,-1.22307,-89.61,0.0241,0.0000
6.0167,0.6000,-0.0035,0.0440,0.3156,-0.03744,-1.61557,-1.22303,-89.62,0.0179,0.0000
6.0250,0.5227,-0.0034,0.0061,0.1468,-0.03744,-1.61543,-1.22307,-89.61,0.0168,0.0000
6.0333,0.3669,-0.0080,0.0099,-0.0080,-0.03742,-1.61496,-1.22320,-89.60,0.0560,0.0000
6.0417,0.3553,-0.0125,0.0153,-0.0126,-0.03740,-1.61410,-1.22346,-89.57,0.1038,0.0000
6.0500,0.4441,-0.0175,0.0131,-0.0176,-0.03735,-1.61276,-1.22388,-89.53,0.1607,0.0000
6.0583,0.2794,0.1804,0.0233,-0.0259,-0.03711,-1.61094,-1.22466,-89.48,0.2208,0.0000
6.0667,0.5546,1.9789,0.0035,-0.0060,-0.03708,-1.61047,-1.22485,-90.62,0.0562,0.0000
6.0750,1.8371,4.0185,-0.1501,-0.1417,-0.03723,-1.61040,-1.22476,-91.45,0.0194,0.0000
6.0833,1.4021,0.3108,-0.0006,-0.0085,-0.03743,-1.61094,-1.22447,-92.03,0.0692,0.0000
6.0917,1.4795,0.3357,0.0051,0.0003,-0.03745,-1.61182,-1.22420,-92.10,0.1048,0.0000
6.1000,1.1118,0.2420,0.0020,-0.0025,-0.03724,-1.61307,-1.22414,-92.10,0.1529,0.0000
6.1083,0.9116,-0.0014,0.0017,-0.0015,-0.03727,-1.61412,-1.22385,-92.09,0.1253,0.0000
6.1167,0.9292,-0.0072,0.0295,0.0214,-0.03757,-1.61510,-1.22369,-92.10,0.1230,0.0000
6.1250,2.4150,-0.0698,0.2266,4.3321,-0.03758,-1.61592,-1.22345,-92.05,0.0986,0.0000
6.1333,2.7168,0.0094,-0.0019,2.1380,-0.03790,-1.61635,-1.22324,-91.53,0.0641,0.0000
6.1417,2.4990,-0.0004,-0.0007,2.4035,-0.03810,-1.61670,-1.22301,-91.15,0.0479,0.0000
6.1500,2.3376,-0.0005,-0.0006,2.2364,-0.03825,-1.61693,-1.22286,-90.86,0.0329,0.0000
6.1583,2.1739,-0.0006,-0.0013,2.0685,-0.03834,-1.61705,-1.22277,-90.69,0.0180,0.0000
6.1667,2.1529,0.0397,0.0226,2.0900,-0.03794,-1.61705,-1.22289,-90.32,0.0478,0.0000
6.1750,0.5464,-0.0031,0.0036,0.3705,-0.03794,-1.61682,-1.22294,-90.29,0.0280,0.0000
6.1833,0.5004,0.0015,-0.0050,0.1504,-0.03794,-1.61617,-1.22310,-90.26,0.0772,0.0000
6.1917,0.2746,-0.0218,0.0234,-0.0218,-0.03795,-1.61511,-1.22339,-90.23,0.1277,0.0000
6.2000,0.3228,-0.0164,0.0119,-0.0165,-0.03791,-1.61353,-1.22384,-90.18,0.1895,0.0000
6.2083,0.3893,1.0773,-0.1523,0.0188,-0.03791,-1.61197,-1.22425,-90.49,0.1865,0.0000
6.2167,1.8045,2.2200,0.0162,-0.0130,-0.03806,-1.61163,-1.22434,-91.40,0.0449,0.0000
6.2250,1.3896,2.1495,0.0009,-0.0033,-0.03821,-1.61173,-1.22416,-91.95,0.0211,0.0000
6.2333,1.3912,2.0434,0.0004,-0.0052,-0.03826,-1.61208,-1.22399,-92.19,0.0429,0.0000
6.2417,2.8884,0.5419,-0.0378,0.0410,-0.03826,-1.61262,-1.22383,-92.21,0.0653,0.0000
6.2500,0.8862,0.0013,0.0106,0.0007,-0.03797,-1.61392,-1.22386,-92.21,0.1595,0.0000
6.2583,0.8560,-0.0014,0.0022,-0.0015,-0.03800,-1.61495,-1.22359,-92.21,0.1233,0.0000
6.2667,0.8862,-0.0065,0.0972,-0.0065,-0.03830,-1.61591,-1.22347,-92.21,0.1209,0.0000
6.2750,0.9231,-0.0023,0.3641,0.1327,-0.03829,-1.61673,-1.22324,-92.21,0.0980,0.0000
6.2833,4.1014,0.0038,1.0677,0.2617,-0.03841,-1.61694,-1.22303,-91.85,0.0297,0.0000
6.2917,3.3581,0.0026,1.4603,0.0930,-0.03881,-1.61634,-1.22302,-90.84,0.0870,0.0000
6.3000,2.7366,-0.0010,1.1470,0.1037,-0.03889,-1.61581,-1.22304,-90.13,0.0644,0.0000
6.3083,1.0431,0.0072,0.2612,0.2887,-0.03935,-1.61553,-1.22343,-89.55,0.0643,0.0000
6.3167,2.0204,0.0005,-0.0006,2.2088,-0.03940,-1.61545,-1.22343,-89.39,0.0111,0.0000
6.3250,1.1309,-0.0070,0.0083,1.0120,-0.03941,-1.61517,-1.22350,-89.35,0.0338,0.0000
6.3333,0.4664,-0.0136,0.0183,0.2664,-0.03942,-1.61458,-1.22367,-89.35,0.0709,0.0000
6.3417,0.3296,0.1700,0.0283,0.1242,-0.03942,-1.61383,-1.22390,-89.36,0.0899,0.0000
6.3500,0.3895,4.7317,0.0975,-0.0105,-0.03948,-1.61337,-1.22408,-90.06,0.0561,0.0000
6.3583,-0.9182,1.9306,0.0567,0.0189,-0.03930,-1.61282,-1.22412,-90.98,0.0692,0.0000
6.3667,0.2013,2.5281,-0.0083,-0.0248,-0.03929,-1.61239,-1.22418,-91.83,0.0522,0.0000
6.3750,1.8034,0.4223,-0.0025,-0.0098,-0.03962,-1.61230,-1.22450,-92.50,0.0410,0.0000
6.3833,1.3860,0.4192,0.0021,-0.0018,-0.03962,-1.61278,-1.22433,-92.53,0.0568,0.0000
6.3917,1.9327,0.1420,-0.0017,0.0240,-0.03960,-1.61343,-1.22412,-92.53,0.0788,0.0000
6.4000,1.0253,-0.0014,0.0024,-0.0015,-0.03957,-1.61450,-1.22379,-92.54,0.1283,0.0000
6.4083,0.9215,-0.0024,-0.0004,-0.0023,-0.03927,-1.61544,-1.22334,-92.52,0.1185,0.0000
6.4167,0.8312,-0.0023,0.0013,-0.0023,-0.03927,-1.61635,-1.22311,-92.52,0.1089,0.0000
6.4250,0.7669,-0.0019,0.4044,0.1479,-0.03927,-1.61715,-1.22292,-92.52,0.0958,0.0000
6.4333,3.2941,-0.0076,2.5505,0.3445,-0.03932,-1.61707,-1.22248,-91.97,0.0108,0.0000
6.4417,3.5520,0.0342,1.4499,0.5591,-0.03941,-1.61642,-1.22221,-90.97,0.0788,0.0000
6.4500,3.2635,0.0172,1.0346,0.1760,-0.03992,-1.61573,-1.22253,-89.85,0.1032,0.0000
6.4583,3.2721,0.0120,2.1549,0.0104,-0.04093,-1.61496,-1.22301,-88.94,0.1518,0.0000
6.4667,1.0807,0.0393,0.6119,0.0017,-0.04163,-1.61412,-1.22353,-88.33,0.1320,0.0000
6.4750,1.4495,3.7638,0.1008,0.0203,-0.04164,-1.61380,-1.22363,-88.38,0.0381,0.0000
6.4833,0.6927,2.5837,0.0044,-0.0176,-0.04186,-1.61415,-1.22371,-89.04,0.0495,0.0000
6.4917,0.2127,3.7698,0.0541,-0.0383,-0.04203,-1.61420,-1.22381,-89.75,0.0212,0.0000
6.5000,0.4709,2.4629,0.0020,0.0307,-0.04180,-1.61379,-1.22378,-90.49,0.0570,0.0000
6.5083,0.2042,1.3943,0.0037,-0.0054,-0.04184,-1.61323,-1.22393,-91.39,0.0670,0.0000
6.5167,4.0136,0.6873,-0.1116,0.1592,-0.04182,-1.61265,-1.22400,-92.16,0.0688,0.0000
6.5250,1.3234,0.2846,-0.0010,-0.0082,-0.04194,-1.61280,-1.22387,-92.49,0.0228,0.0000
6.5333,0.9344,0.0452,0.0021,-0.0023,-0.04195,-1.61333,-1.22372,-92.49,0.0637,0.0000
6.5417,2.3605,0.0404,-0.0327,0.0402,-0.04196,-1.61381,-1.22360,-92.48,0.0574,0.0000
6.5500,0.8855,-0.0023,0.0009,-0.0022,-0.04198,-1.61487,-1.22333,-92.48,0.1281,0.0000
6.5583,0.8491,-0.0040,0.0002,-0.0040,-0.04188,-1.61594,-1.22319,-92.47,0.1282,0.0000
6.5667,0.7966,-0.0008,0.0029,0.1255,-0.04188,-1.61682,-1.22297,-92.47,0.1062,0.0000
6.5750,0.7256,-0.0022,0.0029,0.1446,-0.04188,-1.61759,-1.22278,-92.46,0.0923,0.0000
6.5833,0.7268,-0.0030,0.1187,0.1207,-0.04206,-1.61826,-1.22281,-92.44,0.0827,0.0000
6.5917,3.1118,-0.0631,4.9501,0.2020,-0.04203,-1.61866,-1.22263,-92.40,0.0487,0.0000
6.6000,3.0393,0.0256,3.4024,0.5688,-0.04205,-1.61839,-1.22230,-91.91,0.0330,0.0000
6.6083,2.6646,0.0161,2.1908,0.8629,-0.04219,-1.61799,-1.22212,-91.48,0.0512,0.0000
6.6167,2.4161,-0.0037,3.2490,0.3252,-0.04257,-1.61710,-1.22214,-90.85,0.1158,0.0000
6.6250,2.3028,0.0008,2.8190,0.1794,-0.04307,-1.61560,-1.22249,-89.95,0.1899,0.0000
6.6333,-4.3408,1.6902,1.2966,0.1626,-0.04410,-1.61469,-1.22364,-89.57,0.1648,0.0000
6.6417,1.4045,2.1469,-0.0706,0.0774,-0.04395,-1.61446,-1.22368,-90.17,0.0329,0.0000
6.6500,0.1959,1.9625,-0.0008,-0.0006,-0.04378,-1.61415,-1.22369,-90.72,0.0430,0.0000
6.6583,0.0932,2.4198,0.0022,-0.0017,-0.04379,-1.61351,-1.22385,-91.48,0.0769,0.0000
6.6667,3.3372,1.7184,-0.1052,0.1966,-0.04366,-1.61254,-1.22391,-92.20,0.1169,0.0000
6.6750,1.0285,0.2038,-0.0002,-0.0069,-0.04376,-1.61274,-1.22380,-92.43,0.0260,0.0000
6.6833,0.7733,0.0404,0.0022,-0.0022,-0.04378,-1.61323,-1.22367,-92.43,0.0590,0.0000
6.6917,0.8716,-0.0016,0.0014,-0.0017,-0.04381,-1.61412,-1.22345,-92.42,0.1077,0.0000
6.7000,0.6763,-0.0020,0.0019,0.0508,-0.04384,-1.61519,-1.22321,-92.41,0.1278,0.0000
6.7083,0.6009,-0.0014,0.0027,0.3815,-0.04387,-1.61615,-1.22300,-92.40,0.1157,0.0000
6.7167,2.3139,-0.0008,0.0001,1.8313,-0.04403,-1.61675,-1.22293,-91.93,0.0739,0.0000
6.7250,2.3088,0.0000,-0.0002,1.5423,-0.04421,-1.61722,-1.22274,-91.67,0.0608,0.0000
6.7333,2.1182,-0.0099,0.0050,1.4619,-0.04430,-1.61766,-1.22259,-91.55,0.0539,0.0000
6.7417,0.8296,-0.0010,0.0044,0.3357,-0.04432,-1.61806,-1.22250,-91.53,0.0478,0.0000
6.7500,0.6626,0.0027,-0.0021,0.2428,-0.04432,-1.61831,-1.22244,-91.53,0.0297,0.0000
6.7583,0.6070,-0.0012,0.0003,0.0903,-0.04433,-1.61833,-1.22243,-91.53,0.0034,0.0000
6.7667,0.5720,-0.0045,0.0054,-0.0046,-0.04432,-1.61811,-1.22248,-91.53,0.0269,0.0000
6.7750,0.4856,-0.0078,0.0080,-0.0078,-0.04431,-1.61757,-1.22262,-91.53,0.0646,0.0000
6.7833,0.6959,-0.0012,-0.0150,-0.0010,-0.04430,-1.61665,-1.22285,-91.52,0.1099,0.0000
6.7917,0.3051,-0.0203,0.0184,-0.0203,-0.04427,-1.61518,-1.22325,-91.52,0.1767,0.0000
6.8000,0.2015,0.7898,-0.0333,0.0421,-0.04406,-1.61337,-1.22386,-91.67,0.2185,0.0000
6.8083,2.4934,0.7535,0.0052,-0.0076,-0.04414,-1.61271,-1.22397,-92.28,0.0802,0.0000
6.8167,1.0234,0.2751,0.0017,-0.0033,-0.04419,-1.61316,-1.22381,-92.40,0.0540,0.0000
6.8250,0.9144,0.1761,0.0022,-0.0024,-0.04420,-1.61367,-1.22367,-92.39,0.0619,0.0000
6.8333,2.3726,0.0613,-0.0368,0.0383,-0.04420,-1.61413,-1.22355,-92.39,0.0545,0.0000
6.8417,0.8739,-0.0030,0.0002,-0.0030,-0.04422,-1.61518,-1.22329,-92.39,0.1259,0.0000
6.8500,0.7573,-0.0016,0.0020,-0.0016,-0.04424,-1.61616,-1.22305,-92.38,0.1176,0.0000
6.8583,0.7459,-0.0037,-0.0004,0.2290,-0.04417,-1.61707,-1.22289,-92.38,0.1101,0.0000
6.8667,2.4516,-0.0122,-0.0187,2.1934,-0.04432,-1.61766,-1.22269,-92.12,0.0728,0.0000
6.8750,2.2905,0.0022,-0.0007,2.1037,-0.04466,-1.61784,-1.22254,-91.63,0.0453,0.0000
6.8833,2.0413,-0.0046,-0.0040,2.0130,-0.04494,-1.61778,-1.22250,-91.16,0.0352,0.0000
6.8917,1.8757,0.0051,0.0010,1.3227,-0.04510,-1.61766,-1.22249,-90.84,0.0232,0.0000
6.9000,0.6024,-0.0052,0.0033,0.3834,-0.04510,-1.61770,-1.22248,-90.82,0.0051,0.0000
6.9083,0.5353,-0.0010,0.0015,0.2677,-0.04510,-1.61750,-1.22253,-90.82,0.0238,0.0000
6.9167,0.4511,-0.0060,0.0023,0.0248,-0.04509,-1.61699,-1.22266,-90.83,0.0610,0.0000
6.9250,0.4537,-0.0081,0.0283,-0.0083,-0.04506,-1.61611,-1.22289,-90.83,0.1059,0.0000
6.9333,0.3361,0.4712,0.0291,-0.0317,-0.04501,-1.61468,-1.22328,-90.85,0.1724,0.0000
6.9417,0.2148,2.2263,0.0237,-0.0279,-0.04474,-1.61358,-1.22376,-91.41,0.1354,0.0000
6.9500,0.2477,1.7181,-0.0049,-0.0006,-0.04499,-1.61283,-1.22381,-92.11,0.0944,0.0000
6.9583,0.2371,1.1823,0.0022,-0.0060,-0.04504,-1.61290,-1.22376,-92.21,0.0095,0.0000
6.9667,0.9492,0.2786,0.0024,-0.0025,-0.04505,-1.61329,-1.22366,-92.21,0.0474,0.0000
6.9750,1.9740,0.0753,-0.0330,0.0159,-0.04505,-1.61372,-1.22355,-92.21,0.0515,0.0000
6.9833,0.8864,-0.0014,0.0018,-0.0014,-0.04507,-1.61478,-1.22329,-92.21,0.1266,0.0000
6.9917,0.7728,-0.0034,0.0012,-0.0034,-0.04509,-1.61577,-1.22305,-92.20,0.1197,0.0000
7.0000,0.7512,-0.0019,0.0032,-0.0020,-0.04492,-1.61676,-1.22298,-92.19,0.1200,0.0000
7.0083,0.6827,-0.0028,0.0655,-0.0029,-0.04493,-1.61753,-1.22279,-92.19,0.0924,0.0000
7.0167,0.6295,-0.0034,0.1383,0.1749,-0.04493,-1.61816,-1.22264,-92.19,0.0756,0.0000
7.0250,2.5829,0.0035,-0.0062,2.7612,-0.04503,-1.61852,-1.22253,-92.00,0.0449,0.0000
7.0333,2.2359,-0.0001,-0.0001,2.5608,-0.04527,-1.61858,-1.22242,-91.70,0.0292,0.0000
7.0417,2.0588,0.0006,-0.0011,2.3759,-0.04541,-1.61851,-1.22237,-91.52,0.0194,0.0000
7.0500,1.8630,-0.0019,-0.0271,1.9035,-0.04547,-1.61832,-1.22239,-91.44,0.0239,0.0000
7.0583,0.5644,-0.0091,0.0086,0.3308,-0.04546,-1.61787,-1.22250,-91.42,0.0539,0.0000
7.0667,0.4741,-0.0122,0.0117,0.1542,-0.04545,-1.61706,-1.22271,-91.39,0.0974,0.0000
7.0750,0.3645,-0.0164,0.0153,-0.0164,-0.04543,-1.61579,-1.22304,-91.34,0.1514,0.0000
7.0833,0.1790,-0.0426,0.0139,-0.0146,-0.04529,-1.61363,-1.22380,-91.26,0.2602,0.0000
7.0917,0.1337,1.5824,-0.0062,0.0099,-0.04548,-1.61306,-1.22395,-91.78,0.0718,0.0000
7.1000,0.1441,0.9090,0.0032,-0.0025,-0.04548,-1.61313,-1.22393,-91.79,0.0083,0.0000
7.1083,1.8482,0.1800,-0.0373,0.0158,-0.04549,-1.61324,-1.22391,-91.78,0.0131,0.0000
7.1167,0.7437,0.0473,0.0022,-0.0025,-0.04551,-1.61365,-1.22381,-91.78,0.0500,0.0000
7.1250,0.8378,-0.0026,0.0007,-0.0025,-0.04556,-1.61453,-1.22361,-91.77,0.1053,0.0000
7.1333,0.6516,-0.0018,0.0024,-0.0019,-0.04561,-1.61554,-1.22340,-91.76,0.1207,0.0000
7.1417,0.8001,-0.0018,0.0031,-0.0019,-0.04535,-1.61639,-1.22307,-91.76,0.1073,0.0000
7.1500,0.7528,-0.0008,0.3571,-0.0009,-0.04536,-1.61715,-1.22289,-91.75,0.0904,0.0000
7.1583,0.7219,0.0123,0.6738,0.1332,-0.04536,-1.61776,-1.22273,-91.75,0.0732,0.0000
7.1667,3.0453,-0.0121,2.8244,0.2838,-0.04539,-1.61729,-1.22239,-91.11,0.0566,0.0000
7.1750,2.9077,0.0010,1.7991,0.3306,-0.04551,-1.61634,-1.22228,-90.19,0.1147,0.0000
7.1833,2.9099,0.2081,2.1599,0.1885,-0.04608,-1.61522,-1.22252,-89.25,0.1510,0.0000
7.1917,3.1235,2.2439,2.1432,-0.0036,-0.04737,-1.61534,-1.22322,-89.20,0.1554,0.0000
7.2000,0.3456,2.3367,0.1754,-0.0330,-0.04740,-1.61519,-1.22329,-89.33,0.0178,0.0000
7.2083,1.0361,0.6210,-0.0439,0.0038,-0.04745,-1.61485,-1.22344,-89.55,0.0418,0.0000
7.2167,0.8382,1.3801,0.0063,-0.0188,-0.04756,-1.61433,-1.22371,-89.95,0.0638,0.0000
7.2250,1.5933,1.1500,-0.0708,0.0756,-0.04737,-1.61343,-1.22394,-90.41,0.1100,0.0000
7.2333,0.1227,1.7457,-0.0910,0.1006,-0.04715,-1.61220,-1.22419,-91.08,0.1497,0.0000
7.2417,0.2095,0.9431,0.0023,-0.0037,-0.04725,-1.61156,-1.22458,-91.75,0.0780,0.0000
7.2500,2.3620,0.4581,-0.0441,0.0554,-0.04722,-1.61120,-1.22469,-91.98,0.0429,0.0000
7.2583,1.0827,0.0020,0.0007,0.0018,-0.04727,-1.61212,-1.22445,-92.01,0.1106,0.0000
7.2667,1.2994,0.0027,-0.0049,0.0769,-0.04729,-1.61325,-1.22415,-92.00,0.1346,0.0000
