pose_idx,j2_deg,j3_deg,j4_deg,status,tau_j1_Nm,tau_j2_Nm,tau_j3_Nm,tau_j4_Nm,tau_j1_peak_Nm,tau_j2_peak_Nm,tau_j3_peak_Nm,tau_j4_peak_Nm,ee_x_m,ee_y_m,ee_z_m,margin_front_m,margin_back_m,margin_left_m,margin_right_m,tipping_moment_Nm,stable,worst_j1_margin_m,worst_j1_deg,ee_contact,reactor_contact,contact_force_N,contact_bodies,chassis_drift_m,arm_chassis_contact
1,0.0,-90.0,-90.0,saturated,nan,nan,nan,nan,nan,nan,nan,nan,nan,nan,nan,nan,nan,nan,nan,nan,,nan,nan,,,nan,,,
2,0.0,-90.0,-60.0,timeout,0.1335,-3.6950,3.7921,-0.3643,0.1335,3.6950,3.7921,0.3643,-0.022796,0.004867,0.318186,0.094352,0.089705,0.203068,0.122319,0.0000,1,-0.101481,180.0,0,0,0.0,,0.000039,0
3,0.0,-90.0,-30.0,underground,nan,nan,nan,nan,nan,nan,nan,nan,nan,nan,nan,nan,nan,nan,nan,nan,,nan,nan,,,nan,,,
4,0.0,-90.0,0.0,underground,nan,nan,nan,nan,nan,nan,nan,nan,nan,nan,nan,nan,nan,nan,nan,nan,,nan,nan,,,nan,,,
5,0.0,-90.0,30.0,underground,nan,nan,nan,nan,nan,nan,nan,nan,nan,nan,nan,nan,nan,nan,nan,nan,,nan,nan,,,nan,,,
6,0.0,-90.0,60.0,saturated,nan,nan,nan,nan,nan,nan,nan,nan,nan,nan,nan,nan,nan,nan,nan,nan,,nan,nan,,,nan,,,
7,0.0,-90.0,90.0,saturated,nan,nan,nan,nan,nan,nan,nan,nan,nan,nan,nan,nan,nan,nan,nan,nan,,nan,nan,,,nan,,,
8,0.0,-60.0,-90.0,saturated,nan,nan,nan,nan,nan,nan,nan,nan,nan,nan,nan,nan,nan,nan,nan,nan,,nan,nan,,,nan,,,
9,0.0,-60.0,-60.0,timeout,0.1378,-3.6898,3.8118,-0.3597,0.1378,3.6898,3.8118,0.3597,-0.022758,0.004708,0.318300,0.094180,0.089601,0.202992,0.122239,0.0000,1,-0.101557,180.0,0,0,0.0,,0.000025,0
10,0.0,-60.0,-30.0,timeout,0.0722,-3.8157,3.6862,-0.4860,0.0722,3.8157,3.6862,0.4860,-0.022881,0.030173,0.272610,0.094129,0.089570,0.202996,0.122188,0.0000,1,-0.101551,180.0,0,0,0.0,,0.000007,0
11,0.0,-60.0,0.0,timeout,-0.0144,-3.8099,3.6885,-0.4858,0.0144,3.8099,3.6885,0.4858,-0.023048,0.030102,0.221274,0.094173,0.089594,0.203022,0.122200,0.0000,1,-0.101525,180.0,0,0,0.0,,0.000032,0
12,0.0,-60.0,30.0,saturated,nan,nan,nan,nan,nan,nan,nan,nan,nan,nan,nan,nan,nan,nan,nan,nan,,nan,nan,,,nan,,,
13,0.0,-60.0,60.0,saturated,nan,nan,nan,nan,nan,nan,nan,nan,nan,nan,nan,nan,nan,nan,nan,nan,,nan,nan,,,nan,,,
14,0.0,-60.0,90.0,saturated,nan,nan,nan,nan,nan,nan,nan,nan,nan,nan,nan,nan,nan,nan,nan,nan,,nan,nan,,,nan,,,
15,0.0,-30.0,-90.0,saturated,nan,nan,nan,nan,nan,nan,nan,nan,nan,nan,nan,nan,nan,nan,nan,nan,,nan,nan,,,nan,,,
16,0.0,-30.0,-60.0,timeout,0.2688,-3.6955,3.8201,-0.3569,0.2688,3.6955,3.8201,0.3569,-0.023064,0.004695,0.318590,0.094263,0.089653,0.203027,0.122279,0.0000,1,-0.101520,180.0,0,0,0.0,,0.000027,0
17,0.0,-30.0,-30.0,timeout,-0.0786,-3.8151,3.6926,-0.4851,0.0786,3.8151,3.6926,0.4851,-0.023193,0.030483,0.272610,0.094234,0.089633,0.203042,0.122237,0.0000,1,-0.101505,180.0,0,0,0.0,,0.000015,0
18,0.0,-30.0,0.0,timeout,-0.0060,-3.8205,3.6976,-0.4870,0.0060,3.8205,3.6976,0.4870,-0.023351,0.030355,0.221274,0.094259,0.089646,0.203060,0.122240,0.0000,1,-0.101487,180.0,0,0,0.0,,0.000005,0
19,0.0,-30.0,30.0,saturated,nan,nan,nan,nan,nan,nan,nan,nan,nan,nan,nan,nan,nan,nan,nan,nan,,nan,nan,,,nan,,,
20,0.0,-30.0,60.0,saturated,nan,nan,nan,nan,nan,nan,nan,nan,nan,nan,nan,nan,nan,nan,nan,nan,,nan,nan,,,nan,,,
21,0.0,-30.0,90.0,saturated,nan,nan,nan,nan,nan,nan,nan,nan,nan,nan,nan,nan,nan,nan,nan,nan,,nan,nan,,,nan,,,
22,0.0,0.0,-90.0,settled,-0.0431,-3.4627,4.0375,-0.1350,0.0431,3.4627,4.0375,0.1350,-0.023139,-0.040496,0.346123,0.094334,0.089698,0.202985,0.122388,0.0000,1,-0.101563,180.0,0,0,0.0,,0.000047,0
23,0.0,0.0,-60.0,timeout,0.1755,-3.6969,3.8175,-0.3583,0.1755,3.6969,3.8175,0.3583,-0.023124,0.005117,0.318186,0.094402,0.089736,0.203090,0.122342,0.0000,1,-0.101459,180.0,0,0,0.0,,0.000029,0
24,0.0,0.0,-30.0,settled,0.0202,-3.8155,3.6907,-0.4854,0.0202,3.8155,3.6907,0.4854,-0.023237,0.030494,0.272610,0.094329,0.089690,0.203084,0.122281,0.0000,1,-0.101464,180.0,0,0,0.0,,0.000021,0
25,0.0,0.0,0.0,settled,0.1293,-3.8145,3.6891,-0.4859,0.1596,3.8300,3.7003,0.4875,-0.023420,0.030399,0.221274,0.094433,0.089749,0.203137,0.122320,0.0000,1,-0.101412,180.0,0,0,0.0,,0.000042,0
26,0.0,0.0,30.0,saturated,nan,nan,nan,nan,nan,nan,nan,nan,nan,nan,nan,nan,nan,nan,nan,nan,,nan,nan,,,nan,,,
27,0.0,0.0,60.0,saturated,nan,nan,nan,nan,nan,nan,nan,nan,nan,nan,nan,nan,nan,nan,nan,nan,,nan,nan,,,nan,,,
28,0.0,0.0,90.0,saturated,nan,nan,nan,nan,nan,nan,nan,nan,nan,nan,nan,nan,nan,nan,nan,nan,,nan,nan,,,nan,,,
29,0.0,30.0,-90.0,settled,0.1097,-4.7984,2.7245,-0.3538,0.1123,4.8093,2.7252,0.3567,-0.022433,0.102447,0.490778,0.094194,0.090117,0.168180,0.157350,0.0000,1,-0.136370,180.0,0,0,0.0,,0.000082,0
30,0.0,30.0,-60.0,timeout,0.1774,-3.6886,3.8117,-0.3587,0.1774,3.6886,3.8117,0.3587,-0.023325,0.004380,0.319127,0.094487,0.089787,0.203125,0.122384,0.0000,1,-0.101424,180.0,0,0,0.0,,0.000023,0
31,0.0,30.0,-30.0,timeout,-0.1640,-3.8167,3.6957,-0.4842,0.1640,3.8167,3.6957,0.4842,-0.023409,0.030649,0.272610,0.094390,0.089726,0.203111,0.122309,0.0000,1,-0.101437,180.0,0,0,0.0,,0.000011,0
32,0.0,30.0,0.0,timeout,-0.1099,-3.8202,3.7002,-0.4873,0.1099,3.8202,3.7002,0.4873,-0.023587,0.030518,0.221274,0.094348,0.089699,0.203100,0.122281,0.0000,1,-0.101448,180.0,0,0,0.0,,0.000011,0
33,0.0,30.0,30.0,saturated,nan,nan,nan,nan,nan,nan,nan,nan,nan,nan,nan,nan,nan,nan,nan,nan,,nan,nan,,,nan,,,
34,0.0,30.0,60.0,saturated,nan,nan,nan,nan,nan,nan,nan,nan,nan,nan,nan,nan,nan,nan,nan,nan,,nan,nan,,,nan,,,
35,0.0,30.0,90.0,saturated,nan,nan,nan,nan,nan,nan,nan,nan,nan,nan,nan,nan,nan,nan,nan,nan,,nan,nan,,,nan,,,
36,0.0,60.0,-90.0,settled,0.1407,-6.8729,0.6464,-0.4858,0.1966,6.9059,0.6982,0.4881,-0.021768,0.298956,0.544353,0.093867,0.090382,0.107476,0.218019,0.0000,1,-0.197073,180.0,0,0,0.0,,0.000352,0
37,0.0,60.0,-60.0,timeout,0.1103,-3.6959,3.8141,-0.3588,0.1103,3.6959,3.8141,0.3588,-0.023403,0.004958,0.318186,0.094427,0.089751,0.203101,0.122354,0.0000,1,-0.101448,180.0,0,0,0.0,,0.000016,0
38,0.0,60.0,-30.0,timeout,-0.1084,-3.8122,3.6876,-0.4853,0.1084,3.8122,3.6876,0.4853,-0.023488,0.030352,0.272610,0.094417,0.089743,0.203123,0.122322,0.0000,1,-0.101425,180.0,0,0,0.0,,0.000019,0
39,0.0,60.0,0.0,timeout,-0.1043,-3.8131,3.6886,-0.4860,0.1043,3.8131,3.6886,0.4860,-0.023683,0.030253,0.221274,0.094445,0.089757,0.203142,0.122326,0.0000,1,-0.101406,180.0,0,0,0.0,,0.000018,0
40,0.0,60.0,30.0,saturated,nan,nan,nan,nan,nan,nan,nan,nan,nan,nan,nan,nan,nan,nan,nan,nan,,nan,nan,,,nan,,,
41,0.0,60.0,60.0,saturated,nan,nan,nan,nan,nan,nan,nan,nan,nan,nan,nan,nan,nan,nan,nan,nan,,nan,nan,,,nan,,,
42,0.0,60.0,90.0,saturated,nan,nan,nan,nan,nan,nan,nan,nan,nan,nan,nan,nan,nan,nan,nan,nan,,nan,nan,,,nan,,,
43,0.0,90.0,-90.0,settled,-0.1873,-9.1091,-1.5961,-0.4863,0.4017,9.1282,1.6337,0.4871,-0.021739,0.495490,0.492006,0.093662,0.090509,0.037464,0.287986,0.0000,1,-0.267084,180.0,0,0,0.0,,0.000412,0
44,0.0,90.0,-60.0,timeout,0.1035,-3.6944,3.8119,-0.3591,0.1035,3.6944,3.8119,0.3591,-0.023625,0.004628,0.318186,0.094436,0.089756,0.203105,0.122358,0.0000,1,-0.101444,180.0,0,0,0.0,,0.000005,0
45,0.0,90.0,-30.0,timeout,0.0371,-3.8138,3.6876,-0.4855,0.0371,3.8138,3.6876,0.4855,-0.023713,0.030022,0.272610,0.094425,0.089748,0.203126,0.122325,0.0000,1,-0.101422,180.0,0,0,0.0,,0.000020,0
46,0.0,90.0,0.0,timeout,0.2071,-3.8269,3.6973,-0.4870,0.2071,3.8269,3.6973,0.4870,-0.023890,0.029895,0.221274,0.094540,0.089814,0.203184,0.122369,0.0000,1,-0.101365,180.0,0,0,0.0,,0.000016,0
47,0.0,90.0,30.0,saturated,nan,nan,nan,nan,nan,nan,nan,nan,nan,nan,nan,nan,nan,nan,nan,nan,,nan,nan,,,nan,,,
48,0.0,90.0,60.0,saturated,nan,nan,nan,nan,nan,nan,nan,nan,nan,nan,nan,nan,nan,nan,nan,nan,,nan,nan,,,nan,,,
49,0.0,90.0,90.0,saturated,nan,nan,nan,nan,nan,nan,nan,nan,nan,nan,nan,nan,nan,nan,nan,nan,,nan,nan,,,nan,,,
50,30.0,-90.0,-90.0,saturated,nan,nan,nan,nan,nan,nan,nan,nan,nan,nan,nan,nan,nan,nan,nan,nan,,nan,nan,,,nan,,,
51,30.0,-90.0,-60.0,timeout,0.0597,-3.6817,3.8070,-0.3592,0.0597,3.6817,3.8070,0.3592,-0.027165,0.007099,0.319127,0.094595,0.089853,0.203172,0.122434,0.0000,1,-0.101376,180.0,0,0,0.0,,0.000025,0
52,30.0,-90.0,-30.0,timeout,0.0343,-3.8158,3.6912,-0.4853,0.0343,3.8158,3.6912,0.4853,-0.027240,0.033425,0.272610,0.094596,0.089850,0.203202,0.122404,0.0000,1,-0.101347,180.0,0,0,0.0,,0.000014,0
53,30.0,-90.0,0.0,timeout,-0.0837,-3.8129,3.6907,-0.4861,0.0837,3.8129,3.6907,0.4861,-0.027395,0.033326,0.221274,0.094667,0.089891,0.203240,0.122429,0.0000,1,-0.101309,180.0,0,0,0.0,,0.000020,0
54,30.0,-90.0,30.0,saturated,nan,nan,nan,nan,nan,nan,nan,nan,nan,nan,nan,nan,nan,nan,nan,nan,,nan,nan,,,nan,,,
55,30.0,-90.0,60.0,saturated,nan,nan,nan,nan,nan,nan,nan,nan,nan,nan,nan,nan,nan,nan,nan,nan,,nan,nan,,,nan,,,
56,30.0,-90.0,90.0,saturated,nan,nan,nan,nan,nan,nan,nan,nan,nan,nan,nan,nan,nan,nan,nan,nan,,nan,nan,,,nan,,,
57,30.0,-60.0,-90.0,saturated,nan,nan,nan,nan,nan,nan,nan,nan,nan,nan,nan,nan,nan,nan,nan,nan,,nan,nan,,,nan,,,
58,30.0,-60.0,-60.0,timeout,0.0700,-3.6909,3.8182,-0.3572,0.0700,3.6909,3.8182,0.3572,-0.027392,0.007201,0.319128,0.094648,0.089884,0.203196,0.122458,0.0000,1,-0.101353,180.0,0,0,0.0,,0.000019,0
59,30.0,-60.0,-30.0,timeout,0.1165,-3.8186,3.6904,-0.4855,0.1165,3.8186,3.6904,0.4855,-0.027460,0.033466,0.272609,0.094557,0.089827,0.203184,0.122386,0.0000,1,-0.101364,180.0,0,0,0.0,,0.000012,0
60,30.0,-60.0,0.0,timeout,0.1365,-3.8251,3.6967,-0.4869,0.1365,3.8251,3.6967,0.4869,-0.027624,0.033389,0.221274,0.094667,0.089890,0.203240,0.122428,0.0000,1,-0.101309,180.0,0,0,0.0,,0.000017,0
61,30.0,-60.0,30.0,saturated,nan,nan,nan,nan,nan,nan,nan,nan,nan,nan,nan,nan,nan,nan,nan,nan,,nan,nan,,,nan,,,
62,30.0,-60.0,60.0,saturated,nan,nan,nan,nan,nan,nan,nan,nan,nan,nan,nan,nan,nan,nan,nan,nan,,nan,nan,,,nan,,,
63,30.0,-60.0,90.0,saturated,nan,nan,nan,nan,nan,nan,nan,nan,nan,nan,nan,nan,nan,nan,nan,nan,,nan,nan,,,nan,,,
64,30.0,-30.0,-90.0,saturated,nan,nan,nan,nan,nan,nan,nan,nan,nan,nan,nan,nan,nan,nan,nan,nan,,nan,nan,,,nan,,,
65,30.0,-30.0,-60.0,timeout,-0.0499,-3.6889,3.8249,-0.3548,0.0499,3.6889,3.8249,0.3548,-0.027587,0.007490,0.319127,0.094627,0.089872,0.203187,0.122449,0.0000,1,-0.101362,180.0,0,0,0.0,,0.000024,0
66,30.0,-30.0,-30.0,timeout,0.2629,-3.8221,3.6897,-0.4854,0.2629,3.8221,3.6897,0.4854,-0.027645,0.033793,0.272610,0.094617,0.089863,0.203211,0.122414,0.0000,1,-0.101338,180.0,0,0,0.0,,0.000003,0
67,30.0,-30.0,0.0,timeout,-0.0994,-3.8157,3.6950,-0.4867,0.0994,3.8157,3.6950,0.4867,-0.027804,0.033667,0.221274,0.094578,0.089837,0.203201,0.122388,0.0000,1,-0.101348,180.0,0,0,0.0,,0.000013,0
68,30.0,-30.0,30.0,saturated,nan,nan,nan,nan,nan,nan,nan,nan,nan,nan,nan,nan,nan,nan,nan,nan,,nan,nan,,,nan,,,
69,30.0,-30.0,60.0,saturated,nan,nan,nan,nan,nan,nan,nan,nan,nan,nan,nan,nan,nan,nan,nan,nan,,nan,nan,,,nan,,,
70,30.0,-30.0,90.0,saturated,nan,nan,nan,nan,nan,nan,nan,nan,nan,nan,nan,nan,nan,nan,nan,nan,,nan,nan,,,nan,,,
71,30.0,0.0,-90.0,timeout,0.0091,-3.4679,4.0475,-0.1315,0.0091,3.4679,4.0474,0.1315,-0.027721,-0.037243,0.346169,0.094558,0.089833,0.203083,0.122492,0.0000,1,-0.101465,180.0,0,0,0.0,,0.000032,0
72,30.0,0.0,-60.0,timeout,0.0029,-3.6963,3.8285,-0.3557,0.0029,3.6963,3.8285,0.3557,-0.027658,0.008505,0.318186,0.094569,0.089837,0.203163,0.122420,0.0000,1,-0.101385,180.0,0,0,0.0,,0.000003,0
73,30.0,0.0,-30.0,timeout,0.0563,-3.8180,3.6912,-0.4850,0.0563,3.8180,3.6912,0.4850,-0.027713,0.033875,0.272610,0.094640,0.089877,0.203221,0.122425,0.0000,1,-0.101328,180.0,0,0,0.0,,0.000016,0
74,30.0,0.0,0.0,timeout,-0.1044,-3.8105,3.6903,-0.4861,0.1044,3.8105,3.6903,0.4861,-0.027922,0.033784,0.221274,0.094680,0.089899,0.203246,0.122435,0.0000,1,-0.101303,180.0,0,0,0.0,,0.000011,0
75,30.0,0.0,30.0,saturated,nan,nan,nan,nan,nan,nan,nan,nan,nan,nan,nan,nan,nan,nan,nan,nan,,nan,nan,,,nan,,,
76,30.0,0.0,60.0,saturated,nan,nan,nan,nan,nan,nan,nan,nan,nan,nan,nan,nan,nan,nan,nan,nan,,nan,nan,,,nan,,,
77,30.0,0.0,90.0,saturated,nan,nan,nan,nan,nan,nan,nan,nan,nan,nan,nan,nan,nan,nan,nan,nan,,nan,nan,,,nan,,,
78,30.0,30.0,-90.0,timeout,0.1032,-4.7975,2.7145,-0.3550,0.1032,4.7975,2.7145,0.3550,-0.026718,0.105607,0.490225,0.094416,0.090321,0.168425,0.157344,0.0000,1,-0.136124,180.0,0,0,0.0,,0.000050,0
79,30.0,30.0,-60.0,timeout,0.0813,-3.6899,3.8161,-0.3589,0.0813,3.6899,3.8161,0.3589,-0.027702,0.008614,0.318186,0.094676,0.089901,0.203210,0.122470,0.0000,1,-0.101338,180.0,0,0,0.0,,0.000016,0
80,30.0,30.0,-30.0,timeout,-0.2044,-3.8137,3.6950,-0.4844,0.2044,3.8137,3.6950,0.4844,-0.027764,0.033964,0.272610,0.094700,0.089913,0.203247,0.122452,0.0000,1,-0.101301,180.0,0,0,0.0,,0.000010,0
81,30.0,30.0,0.0,timeout,0.0294,-3.8183,3.6963,-0.4868,0.0294,3.8183,3.6963,0.4868,-0.027964,0.033843,0.221274,0.094699,0.089911,0.203254,0.122444,0.0000,1,-0.101294,180.0,0,0,0.0,,0.000009,0
82,30.0,30.0,30.0,saturated,nan,nan,nan,nan,nan,nan,nan,nan,nan,nan,nan,nan,nan,nan,nan,nan,,nan,nan,,,nan,,,
83,30.0,30.0,60.0,saturated,nan,nan,nan,nan,nan,nan,nan,nan,nan,nan,nan,nan,nan,nan,nan,nan,,nan,nan,,,nan,,,
84,30.0,30.0,90.0,saturated,nan,nan,nan,nan,nan,nan,nan,nan,nan,nan,nan,nan,nan,nan,nan,nan,,nan,nan,,,nan,,,
85,30.0,60.0,-90.0,timeout,-0.0872,-6.8678,0.6426,-0.4856,0.0872,6.8678,0.6426,0.4856,-0.025745,0.302634,0.544442,0.094016,0.090685,0.107520,0.218230,0.0000,1,-0.197029,180.0,0,0,0.0,,0.000213,0
86,30.0,60.0,-60.0,timeout,0.1313,-3.6977,3.8179,-0.3579,0.1313,3.6977,3.8179,0.3579,-0.027773,0.008401,0.318185,0.094864,0.090013,0.203293,0.122556,0.0000,1,-0.101257,180.0,0,0,0.0,,0.000020,0
87,30.0,60.0,-30.0,timeout,-0.0221,-3.8154,3.6874,-0.4855,0.0221,3.8154,3.6874,0.4855,-0.027834,0.033781,0.272609,0.094810,0.089979,0.203296,0.122503,0.0000,1,-0.101253,180.0,0,0,0.0,,0.000022,0
88,30.0,60.0,0.0,timeout,-0.0218,-3.8182,3.6942,-0.4866,0.0218,3.8182,3.6942,0.4866,-0.028000,0.033669,0.221274,0.094781,0.089959,0.203290,0.122482,0.0000,1,-0.101259,180.0,0,0,0.0,,0.000005,0
89,30.0,60.0,30.0,saturated,nan,nan,nan,nan,nan,nan,nan,nan,nan,nan,nan,nan,nan,nan,nan,nan,,nan,nan,,,nan,,,
90,30.0,60.0,60.0,saturated,nan,nan,nan,nan,nan,nan,nan,nan,nan,nan,nan,nan,nan,nan,nan,nan,,nan,nan,,,nan,,,
91,30.0,60.0,90.0,saturated,nan,nan,nan,nan,nan,nan,nan,nan,nan,nan,nan,nan,nan,nan,nan,nan,,nan,nan,,,nan,,,
92,30.0,90.0,-90.0,timeout,-0.2102,-9.1011,-1.5860,-0.4865,0.2102,9.1011,1.5860,0.4865,-0.025209,0.499038,0.491923,0.093711,0.090898,0.037478,0.288219,0.0000,1,-0.267070,180.0,0,0,0.0,,0.000536,0
93,30.0,90.0,-60.0,timeout,-0.0589,-3.6856,3.8224,-0.3578,0.0589,3.6856,3.8224,0.3578,-0.027776,0.007912,0.318186,0.094747,0.089941,0.203242,0.122500,0.0000,1,-0.101309,180.0,0,0,0.0,,0.000023,0
94,30.0,90.0,-30.0,timeout,0.0344,-3.8140,3.6852,-0.4859,0.0344,3.8140,3.6852,0.4859,-0.027807,0.033278,0.272610,0.094772,0.089957,0.203279,0.122486,0.0000,1,-0.101269,180.0,0,0,0.0,,0.000020,0
95,30.0,90.0,0.0,timeout,0.0017,-3.8145,3.6923,-0.4863,0.0017,3.8145,3.6923,0.4863,-0.027986,0.033175,0.221274,0.094864,0.090009,0.203327,0.122520,0.0000,1,-0.101222,180.0,0,0,0.0,,0.000018,0
96,30.0,90.0,30.0,saturated,nan,nan,nan,nan,nan,nan,nan,nan,nan,nan,nan,nan,nan,nan,nan,nan,,nan,nan,,,nan,,,
97,30.0,90.0,60.0,saturated,nan,nan,nan,nan,nan,nan,nan,nan,nan,nan,nan,nan,nan,nan,nan,nan,,nan,nan,,,nan,,,
98,30.0,90.0,90.0,saturated,nan,nan,nan,nan,nan,nan,nan,nan,nan,nan,nan,nan,nan,nan,nan,nan,,nan,nan,,,nan,,,
99,60.0,-90.0,-90.0,saturated,nan,nan,nan,nan,nan,nan,nan,nan,nan,nan,nan,nan,nan,nan,nan,nan,,nan,nan,,,nan,,,
100,60.0,-90.0,-60.0,timeout,0.0671,-3.6950,3.8212,-0.3573,0.0671,3.6950,3.8212,0.3573,-0.031685,0.010993,0.318185,0.094604,0.089857,0.203178,0.122436,0.0000,1,-0.101371,180.0,0,0,0.0,,0.000013,0
101,60.0,-90.0,-30.0,timeout,0.2320,-3.8252,3.6923,-0.4854,0.2320,3.8252,3.6923,0.4854,-0.031735,0.036380,0.272609,0.094587,0.089844,0.203198,0.122400,0.0000,1,-0.101351,180.0,0,0,0.0,,0.000027,0
102,60.0,-90.0,0.0,timeout,0.1043,-3.8208,3.6954,-0.4867,0.1043,3.8208,3.6954,0.4867,-0.031942,0.036257,0.221274,0.094515,0.089799,0.203173,0.122358,0.0000,1,-0.101375,180.0,0,0,0.0,,0.000020,0
103,60.0,-90.0,30.0,saturated,nan,nan,nan,nan,nan,nan,nan,nan,nan,nan,nan,nan,nan,nan,nan,nan,,nan,nan,,,nan,,,
104,60.0,-90.0,60.0,saturated,nan,nan,nan,nan,nan,nan,nan,nan,nan,nan,nan,nan,nan,nan,nan,nan,,nan,nan,,,nan,,,
105,60.0,-90.0,90.0,saturated,nan,nan,nan,nan,nan,nan,nan,nan,nan,nan,nan,nan,nan,nan,nan,nan,,nan,nan,,,nan,,,
106,60.0,-60.0,-90.0,saturated,nan,nan,nan,nan,nan,nan,nan,nan,nan,nan,nan,nan,nan,nan,nan,nan,,nan,nan,,,nan,,,
107,60.0,-60.0,-60.0,timeout,0.1264,-3.6929,3.8214,-0.3560,0.1264,3.6929,3.8214,0.3560,-0.031889,0.010136,0.319291,0.094520,0.089807,0.203139,0.122400,0.0000,1,-0.101410,180.0,0,0,0.0,,0.000023,0
108,60.0,-60.0,-30.0,timeout,-0.1465,-3.8197,3.6991,-0.4842,0.1465,3.8197,3.6991,0.4842,-0.031978,0.036553,0.272610,0.094505,0.089796,0.203162,0.122362,0.0000,1,-0.101387,180.0,0,0,0.0,,0.000008,0
109,60.0,-60.0,0.0,timeout,-0.0188,-3.8156,3.6915,-0.4862,0.0188,3.8156,3.6915,0.4862,-0.032174,0.036460,0.221274,0.094555,0.089823,0.203191,0.122377,0.0000,1,-0.101358,180.0,0,0,0.0,,0.000033,0
110,60.0,-60.0,30.0,saturated,nan,nan,nan,nan,nan,nan,nan,nan,nan,nan,nan,nan,nan,nan,nan,nan,,nan,nan,,,nan,,,
111,60.0,-60.0,60.0,saturated,nan,nan,nan,nan,nan,nan,nan,nan,nan,nan,nan,nan,nan,nan,nan,nan,,nan,nan,,,nan,,,
112,60.0,-60.0,90.0,saturated,nan,nan,nan,nan,nan,nan,nan,nan,nan,nan,nan,nan,nan,nan,nan,nan,,nan,nan,,,nan,,,
113,60.0,-30.0,-90.0,saturated,nan,nan,nan,nan,nan,nan,nan,nan,nan,nan,nan,nan,nan,nan,nan,nan,,nan,nan,,,nan,,,
114,60.0,-30.0,-60.0,timeout,0.0733,-3.6935,3.8081,-0.3600,0.0733,3.6935,3.8081,0.3600,-0.032261,0.011280,0.318186,0.094568,0.089835,0.203163,0.122419,0.0000,1,-0.101387,180.0,0,0,0.0,,0.000009,0
115,60.0,-30.0,-30.0,timeout,-0.0163,-3.8131,3.6874,-0.4854,0.0163,3.8131,3.6874,0.4854,-0.032326,0.036692,0.272610,0.094485,0.089784,0.203153,0.122353,0.0000,1,-0.101395,180.0,0,0,0.0,,0.000033,0
116,60.0,-30.0,0.0,timeout,-0.1210,-3.8170,3.6949,-0.4867,0.1210,3.8170,3.6949,0.4867,-0.032501,0.036567,0.221274,0.094559,0.089826,0.203193,0.122379,0.0000,1,-0.101356,180.0,0,0,0.0,,0.000012,0
117,60.0,-30.0,30.0,saturated,nan,nan,nan,nan,nan,nan,nan,nan,nan,nan,nan,nan,nan,nan,nan,nan,,nan,nan,,,nan,,,
118,60.0,-30.0,60.0,saturated,nan,nan,nan,nan,nan,nan,nan,nan,nan,nan,nan,nan,nan,nan,nan,nan,,nan,nan,,,nan,,,
119,60.0,-30.0,90.0,saturated,nan,nan,nan,nan,nan,nan,nan,nan,nan,nan,nan,nan,nan,nan,nan,nan,,nan,nan,,,nan,,,
120,60.0,0.0,-90.0,timeout,0.2204,-3.4735,4.0469,-0.1319,0.2204,3.4735,4.0469,0.1319,-0.032401,-0.034347,0.346189,0.094602,0.089859,0.203102,0.122512,0.0000,1,-0.101447,180.0,0,0,0.0,,0.000007,0
121,60.0,0.0,-60.0,timeout,-0.0608,-3.6899,3.8180,-0.3574,0.0608,3.6899,3.8180,0.3574,-0.032332,0.011491,0.318186,0.094578,0.089842,0.203167,0.122424,0.0000,1,-0.101381,180.0,0,0,0.0,,0.000022,0
122,60.0,0.0,-30.0,timeout,0.2197,-3.8269,3.6967,-0.4849,0.2197,3.8269,3.6967,0.4849,-0.032388,0.036844,0.272610,0.094594,0.089849,0.203201,0.122403,0.0000,1,-0.101348,180.0,0,0,0.0,,0.000022,0
123,60.0,0.0,0.0,timeout,-0.1051,-3.8101,3.6893,-0.4860,0.1051,3.8101,3.6893,0.4860,-0.032568,0.036748,0.221274,0.094519,0.089801,0.203175,0.122360,0.0000,1,-0.101374,180.0,0,0,0.0,,0.000046,0
124,60.0,0.0,30.0,saturated,nan,nan,nan,nan,nan,nan,nan,nan,nan,nan,nan,nan,nan,nan,nan,nan,,nan,nan,,,nan,,,
125,60.0,0.0,60.0,saturated,nan,nan,nan,nan,nan,nan,nan,nan,nan,nan,nan,nan,nan,nan,nan,nan,,nan,nan,,,nan,,,
126,60.0,0.0,90.0,saturated,nan,nan,nan,nan,nan,nan,nan,nan,nan,nan,nan,nan,nan,nan,nan,nan,,nan,nan,,,nan,,,
127,60.0,30.0,-90.0,timeout,0.0738,-4.8047,2.6928,-0.3573,0.0738,4.8047,2.6928,0.3573,-0.031546,0.108551,0.490225,0.094227,0.090147,0.168325,0.157240,0.0000,1,-0.136223,180.0,0,0,0.0,,0.000055,0
128,60.0,30.0,-60.0,timeout,0.0880,-3.6908,3.8030,-0.3612,0.0880,3.6908,3.8030,0.3612,-0.032459,0.011548,0.318186,0.094552,0.089825,0.203155,0.122411,0.0000,1,-0.101394,180.0,0,0,0.0,,0.000021,0
129,60.0,30.0,-30.0,timeout,0.0320,-3.8151,3.6887,-0.4855,0.0320,3.8151,3.6887,0.4855,-0.032517,0.036927,0.272610,0.094526,0.089809,0.203171,0.122372,0.0000,1,-0.101377,180.0,0,0,0.0,,0.000015,0
130,60.0,30.0,0.0,timeout,0.2552,-3.8227,3.6930,-0.4864,0.2552,3.8227,3.6930,0.4864,-0.032702,0.036823,0.221274,0.094632,0.089868,0.203225,0.122411,0.0000,1,-0.101326,180.0,0,0,0.0,,0.000022,0
131,60.0,30.0,30.0,saturated,nan,nan,nan,nan,nan,nan,nan,nan,nan,nan,nan,nan,nan,nan,nan,nan,,nan,nan,,,nan,,,
132,60.0,30.0,60.0,saturated,nan,nan,nan,nan,nan,nan,nan,nan,nan,nan,nan,nan,nan,nan,nan,nan,,nan,nan,,,nan,,,
133,60.0,30.0,90.0,saturated,nan,nan,nan,nan,nan,nan,nan,nan,nan,nan,nan,nan,nan,nan,nan,nan,,nan,nan,,,nan,,,
134,60.0,60.0,-90.0,timeout,-0.1209,-6.8739,0.6357,-0.4861,0.1209,6.8739,0.6357,0.4861,-0.030816,0.305233,0.544352,0.093874,0.090395,0.107481,0.218025,0.0000,1,-0.197068,180.0,0,0,0.0,,0.000363,0
135,60.0,60.0,-60.0,timeout,0.1701,-3.6937,3.8095,-0.3602,0.1701,3.6937,3.8095,0.3602,-0.032455,0.011220,0.318186,0.094577,0.089841,0.203167,0.122423,0.0000,1,-0.101382,180.0,0,0,0.0,,0.000020,0
136,60.0,60.0,-30.0,timeout,-0.0670,-3.8129,3.6892,-0.4854,0.0670,3.8129,3.6892,0.4854,-0.032522,0.036593,0.272609,0.094550,0.089822,0.203181,0.122383,0.0000,1,-0.101367,180.0,0,0,0.0,,0.000017,0
137,60.0,60.0,0.0,timeout,0.0348,-3.8195,3.6950,-0.4867,0.0348,3.8195,3.6950,0.4867,-0.032719,0.036488,0.221273,0.094606,0.089853,0.203213,0.122400,0.0000,1,-0.101336,180.0,0,0,0.0,,0.000025,0
138,60.0,60.0,30.0,saturated,nan,nan,nan,nan,nan,nan,nan,nan,nan,nan,nan,nan,nan,nan,nan,nan,,nan,nan,,,nan,,,
139,60.0,60.0,60.0,saturated,nan,nan,nan,nan,nan,nan,nan,nan,nan,nan,nan,nan,nan,nan,nan,nan,,nan,nan,,,nan,,,
140,60.0,60.0,90.0,saturated,nan,nan,nan,nan,nan,nan,nan,nan,nan,nan,nan,nan,nan,nan,nan,nan,,nan,nan,,,nan,,,
141,60.0,90.0,-90.0,timeout,0.2239,-9.1007,-1.5709,-0.4872,0.2239,9.1007,1.5709,0.4872,-0.030505,0.501920,0.492006,0.093682,0.090663,0.037513,0.288036,0.0000,1,-0.267036,180.0,0,0,0.0,,0.000500,0
142,60.0,90.0,-60.0,timeout,-0.0057,-3.6879,3.8050,-0.3610,0.0057,3.6879,3.8050,0.3610,-0.032616,0.011087,0.318185,0.094510,0.089801,0.203137,0.122392,0.0000,1,-0.101412,180.0,0,0,0.0,,0.000021,0
143,60.0,90.0,-30.0,timeout,0.2338,-3.8266,3.6967,-0.4849,0.2338,3.8266,3.6967,0.4849,-0.032673,0.036473,0.272609,0.094511,0.089798,0.203164,0.122364,0.0000,1,-0.101385,180.0,0,0,0.0,,0.000019,0
144,60.0,90.0,0.0,timeout,0.2427,-3.8203,3.6940,-0.4864,0.2427,3.8203,3.6940,0.4864,-0.032857,0.036342,0.221274,0.094490,0.089784,0.203162,0.122347,0.0000,1,-0.101387,180.0,0,0,0.0,,0.000029,0
145,60.0,90.0,30.0,saturated,nan,nan,nan,nan,nan,nan,nan,nan,nan,nan,nan,nan,nan,nan,nan,nan,,nan,nan,,,nan,,,
146,60.0,90.0,60.0,saturated,nan,nan,nan,nan,nan,nan,nan,nan,nan,nan,nan,nan,nan,nan,nan,nan,,nan,nan,,,nan,,,
147,60.0,90.0,90.0,saturated,nan,nan,nan,nan,nan,nan,nan,nan,nan,nan,nan,nan,nan,nan,nan,nan,,nan,nan,,,nan,,,
148,90.0,-90.0,-90.0,saturated,nan,nan,nan,nan,nan,nan,nan,nan,nan,nan,nan,nan,nan,nan,nan,nan,,nan,nan,,,nan,,,
149,90.0,-90.0,-60.0,timeout,0.1274,-3.7004,3.8247,-0.3559,0.1274,3.7004,3.8247,0.3559,-0.036653,0.015000,0.318501,0.094813,0.089982,0.203270,0.122533,0.0000,1,-0.101280,180.0,0,0,0.0,,0.000032,0
150,90.0,-90.0,-30.0,timeout,0.0580,-3.8130,3.6739,-0.4867,0.0580,3.8130,3.6739,0.4867,-0.036685,0.040681,0.272610,0.094717,0.089922,0.203255,0.122460,0.0000,1,-0.101295,180.0,0,0,0.0,,0.000010,0
151,90.0,-90.0,0.0,timeout,0.1254,-3.8127,3.6872,-0.4856,0.1254,3.8127,3.6872,0.4856,-0.036878,0.040602,0.221274,0.094825,0.089985,0.203310,0.122501,0.0000,1,-0.101240,180.0,0,0,0.0,,0.000042,0
152,90.0,-90.0,30.0,saturated,nan,nan,nan,nan,nan,nan,nan,nan,nan,nan,nan,nan,nan,nan,nan,nan,,nan,nan,,,nan,,,
153,90.0,-90.0,60.0,saturated,nan,nan,nan,nan,nan,nan,nan,nan,nan,nan,nan,nan,nan,nan,nan,nan,,nan,nan,,,nan,,,
154,90.0,-90.0,90.0,saturated,nan,nan,nan,nan,nan,nan,nan,nan,nan,nan,nan,nan,nan,nan,nan,nan,,nan,nan,,,nan,,,
155,90.0,-60.0,-90.0,saturated,nan,nan,nan,nan,nan,nan,nan,nan,nan,nan,nan,nan,nan,nan,nan,nan,,nan,nan,,,nan,,,
156,90.0,-60.0,-60.0,timeout,0.0956,-3.6929,3.8229,-0.3561,0.0956,3.6929,3.8229,0.3561,-0.036661,0.014741,0.318747,0.094719,0.089927,0.203228,0.122490,0.0000,1,-0.101321,180.0,0,0,0.0,,0.000021,0
157,90.0,-60.0,-30.0,timeout,0.1777,-3.8239,3.6913,-0.4853,0.1777,3.8239,3.6913,0.4853,-0.036702,0.040657,0.272610,0.094757,0.089946,0.203272,0.122478,0.0000,1,-0.101277,180.0,0,0,0.0,,0.000025,0
158,90.0,-60.0,0.0,timeout,0.2468,-3.8247,3.6957,-0.4867,0.2468,3.8247,3.6957,0.4867,-0.036873,0.040540,0.221274,0.094744,0.089937,0.203274,0.122464,0.0000,1,-0.101275,180.0,0,0,0.0,,0.000022,0
159,90.0,-60.0,30.0,saturated,nan,nan,nan,nan,nan,nan,nan,nan,nan,nan,nan,nan,nan,nan,nan,nan,,nan,nan,,,nan,,,
160,90.0,-60.0,60.0,saturated,nan,nan,nan,nan,nan,nan,nan,nan,nan,nan,nan,nan,nan,nan,nan,nan,,nan,nan,,,nan,,,
161,90.0,-60.0,90.0,saturated,nan,nan,nan,nan,nan,nan,nan,nan,nan,nan,nan,nan,nan,nan,nan,nan,,nan,nan,,,nan,,,
162,90.0,-30.0,-90.0,saturated,nan,nan,nan,nan,nan,nan,nan,nan,nan,nan,nan,nan,nan,nan,nan,nan,,nan,nan,,,nan,,,
163,90.0,-30.0,-60.0,timeout,-0.0451,-3.6855,3.8044,-0.3599,0.0451,3.6855,3.8044,0.3599,-0.036747,0.014738,0.318990,0.094776,0.089961,0.203252,0.122518,0.0000,1,-0.101297,180.0,0,0,0.0,,0.000030,0
164,90.0,-30.0,-30.0,timeout,-0.0050,-3.8148,3.6878,-0.4854,0.0050,3.8148,3.6878,0.4854,-0.036752,0.040874,0.272610,0.094685,0.089905,0.203241,0.122446,0.0000,1,-0.101307,180.0,0,0,0.0,,0.000035,0
165,90.0,-30.0,0.0,timeout,-0.0611,-3.8188,3.6957,-0.4868,0.0611,3.8188,3.6957,0.4868,-0.036925,0.040744,0.221274,0.094786,0.089962,0.203292,0.122484,0.0000,1,-0.101257,180.0,0,0,0.0,,0.000032,0
166,90.0,-30.0,30.0,saturated,nan,nan,nan,nan,nan,nan,nan,nan,nan,nan,nan,nan,nan,nan,nan,nan,,nan,nan,,,nan,,,
167,90.0,-30.0,60.0,saturated,nan,nan,nan,nan,nan,nan,nan,nan,nan,nan,nan,nan,nan,nan,nan,nan,,nan,nan,,,nan,,,
168,90.0,-30.0,90.0,saturated,nan,nan,nan,nan,nan,nan,nan,nan,nan,nan,nan,nan,nan,nan,nan,nan,,nan,nan,,,nan,,,
169,90.0,0.0,-90.0,timeout,0.0155,-3.4684,4.0544,-0.1294,0.0155,3.4684,4.0544,0.1294,-0.036972,-0.030250,0.346189,0.094645,0.089886,0.203121,0.122532,0.0000,1,-0.101427,180.0,0,0,0.0,,0.000021,0
170,90.0,0.0,-60.0,timeout,0.1010,-3.6946,3.8268,-0.3547,0.1010,3.6946,3.8268,0.3547,-0.036937,0.014674,0.319127,0.094728,0.089933,0.203231,0.122496,0.0000,1,-0.101318,180.0,0,0,0.0,,0.000018,0
171,90.0,0.0,-30.0,timeout,0.2115,-3.8272,3.6976,-0.4845,0.2115,3.8272,3.6976,0.4845,-0.036968,0.040948,0.272610,0.094764,0.089951,0.203275,0.122482,0.0000,1,-0.101273,180.0,0,0,0.0,,0.000031,0
172,90.0,0.0,0.0,timeout,0.0536,-3.8178,3.6954,-0.4867,0.0536,3.8178,3.6954,0.4867,-0.037131,0.040847,0.221274,0.094708,0.089916,0.203258,0.122448,0.0000,1,-0.101290,180.0,0,0,0.0,,0.000016,0
173,90.0,0.0,30.0,saturated,nan,nan,nan,nan,nan,nan,nan,nan,nan,nan,nan,nan,nan,nan,nan,nan,,nan,nan,,,nan,,,
174,90.0,0.0,60.0,saturated,nan,nan,nan,nan,nan,nan,nan,nan,nan,nan,nan,nan,nan,nan,nan,nan,,nan,nan,,,nan,,,
175,90.0,0.0,90.0,saturated,nan,nan,nan,nan,nan,nan,nan,nan,nan,nan,nan,nan,nan,nan,nan,nan,,nan,nan,,,nan,,,
176,90.0,30.0,-90.0,timeout,0.0808,-4.8018,2.7164,-0.3545,0.0808,4.8018,2.7164,0.3545,-0.036119,0.112765,0.490778,0.094501,0.090405,0.168343,0.157522,0.0000,1,-0.136206,180.0,0,0,0.0,,0.000081,0
177,90.0,30.0,-60.0,timeout,0.0093,-3.6860,3.8092,-0.3603,0.0093,3.6860,3.8092,0.3603,-0.037141,0.015602,0.318186,0.094751,0.089946,0.203243,0.122504,0.0000,1,-0.101306,180.0,0,0,0.0,,0.000039,0
178,90.0,30.0,-30.0,timeout,0.1886,-3.8216,3.6931,-0.4848,0.1886,3.8216,3.6931,0.4848,-0.037189,0.040952,0.272610,0.094803,0.089975,0.203292,0.122500,0.0000,1,-0.101256,180.0,0,0,0.0,,0.000026,0
179,90.0,30.0,0.0,timeout,-0.0135,-3.8204,3.6965,-0.4869,0.0135,3.8204,3.6965,0.4869,-0.037399,0.040832,0.221274,0.094889,0.090024,0.203338,0.122531,0.0000,1,-0.101211,180.0,0,0,0.0,,0.000009,0
180,90.0,30.0,30.0,saturated,nan,nan,nan,nan,nan,nan,nan,nan,nan,nan,nan,nan,nan,nan,nan,nan,,nan,nan,,,nan,,,
181,90.0,30.0,60.0,saturated,nan,nan,nan,nan,nan,nan,nan,nan,nan,nan,nan,nan,nan,nan,nan,nan,,nan,nan,,,nan,,,
182,90.0,30.0,90.0,saturated,nan,nan,nan,nan,nan,nan,nan,nan,nan,nan,nan,nan,nan,nan,nan,nan,,nan,nan,,,nan,,,
183,90.0,60.0,-90.0,timeout,0.2389,-6.8832,0.6205,-0.4864,0.2389,6.8832,0.6205,0.4864,-0.035160,0.309295,0.544341,0.094015,0.090682,0.107610,0.218137,0.0000,1,-0.196939,180.0,0,0,0.0,,0.000293,0
184,90.0,60.0,-60.0,timeout,0.0872,-3.6916,3.8156,-0.3588,0.0872,3.6916,3.8156,0.3588,-0.037165,0.015306,0.318186,0.094704,0.089918,0.203222,0.122482,0.0000,1,-0.101326,180.0,0,0,0.0,,0.000014,0
185,90.0,60.0,-30.0,timeout,-0.1333,-3.8161,3.6927,-0.4849,0.1333,3.8161,3.6927,0.4849,-0.037241,0.040657,0.272610,0.094742,0.089938,0.203266,0.122472,0.0000,1,-0.101283,180.0,0,0,0.0,,0.000008,0
186,90.0,60.0,0.0,timeout,-0.1132,-3.8135,3.6940,-0.4865,0.1132,3.8135,3.6940,0.4865,-0.037413,0.040564,0.221274,0.094777,0.089957,0.203288,0.122480,0.0000,1,-0.101260,180.0,0,0,0.0,,0.000013,0
187,90.0,60.0,30.0,saturated,nan,nan,nan,nan,nan,nan,nan,nan,nan,nan,nan,nan,nan,nan,nan,nan,,nan,nan,,,nan,,,
188,90.0,60.0,60.0,saturated,nan,nan,nan,nan,nan,nan,nan,nan,nan,nan,nan,nan,nan,nan,nan,nan,,nan,nan,,,nan,,,
189,90.0,60.0,90.0,saturated,nan,nan,nan,nan,nan,nan,nan,nan,nan,nan,nan,nan,nan,nan,nan,nan,,nan,nan,,,nan,,,
190,90.0,90.0,-90.0,timeout,-0.2489,-9.1145,-1.6097,-0.4858,0.2489,9.1145,1.6097,0.4858,-0.034694,0.506215,0.491923,0.093726,0.091007,0.037513,0.288254,0.0000,1,-0.267036,180.0,0,0,0.0,,0.000400,0
191,90.0,90.0,-60.0,timeout,0.2592,-3.6957,3.8229,-0.3563,0.2592,3.6957,3.8229,0.3563,-0.037436,0.014178,0.319127,0.094897,0.090034,0.203305,0.122574,0.0000,1,-0.101244,180.0,0,0,0.0,,0.000005,0
192,90.0,90.0,-30.0,timeout,-0.0680,-3.8202,3.6969,-0.4845,0.0680,3.8202,3.6969,0.4845,-0.037486,0.040443,0.272609,0.094841,0.089998,0.203309,0.122518,0.0000,1,-0.101240,180.0,0,0,0.0,,0.000017,0
193,90.0,90.0,0.0,timeout,-0.0456,-3.8157,3.6947,-0.4866,0.0456,3.8157,3.6947,0.4866,-0.037674,0.040334,0.221274,0.094782,0.089960,0.203290,0.122482,0.0000,1,-0.101258,180.0,0,0,0.0,,0.000011,0
194,90.0,90.0,30.0,saturated,nan,nan,nan,nan,nan,nan,nan,nan,nan,nan,nan,nan,nan,nan,nan,nan,,nan,nan,,,nan,,,
195,90.0,90.0,60.0,saturated,nan,nan,nan,nan,nan,nan,nan,nan,nan,nan,nan,nan,nan,nan,nan,nan,,nan,nan,,,nan,,,
196,90.0,90.0,90.0,saturated,nan,nan,nan,nan,nan,nan,nan,nan,nan,nan,nan,nan,nan,nan,nan,nan,,nan,nan,,,nan,,,
