sim_time,torque_FR,torque_FL,torque_BL,torque_BR,x,y,z,yaw_deg,actual_speed_mps,R_m
0.0000,3.8381,4.2769,2.0763,3.7433,0.00179,-1.61427,-1.23750,-90.72,0.0684,1.6143
0.0083,1.0325,1.0036,0.7691,0.8413,-0.00813,-1.61570,-1.23705,-91.06,1.0024,1.6157
0.0167,0.2303,0.4147,0.3219,0.4128,-0.01995,-1.61735,-1.23726,-91.34,1.4322,1.6175
0.0250,0.1392,0.2230,-0.2893,0.3868,-0.03205,-1.61854,-1.23792,-91.59,1.4589,1.6189
0.0333,0.2922,0.2294,-0.4219,-0.0204,-0.04429,-1.62009,-1.23921,-91.72,1.4809,1.6207
0.0417,0.2603,1.3596,-0.5844,0.0082,-0.05772,-1.62185,-1.24073,-91.94,1.6256,1.6229
0.0500,0.1942,2.5310,-0.1603,-0.2422,-0.07046,-1.62409,-1.24170,-92.32,1.5516,1.6256
0.0583,1.3889,3.0033,0.0076,2.5733,-0.08231,-1.62599,-1.24045,-92.50,1.4406,1.6281
0.0667,0.9335,0.6131,0.0079,2.2050,-0.09553,-1.62860,-1.23879,-92.94,1.6172,1.6314
0.0750,0.6299,-0.1501,0.0049,1.8275,-0.10966,-1.63138,-1.23783,-93.48,1.7278,1.6351
0.0833,0.6216,1.4144,0.0680,1.3949,-0.12455,-1.63449,-1.23725,-93.89,1.8253,1.6392
0.0917,0.3823,0.2753,0.1400,0.4212,-0.13993,-1.63804,-1.23726,-94.29,1.8942,1.6440
0.1000,2.4681,0.1315,0.7969,1.7758,-0.15452,-1.64127,-1.23746,-94.39,1.7936,1.6485
0.1083,0.8093,-0.0007,-0.0049,0.8033,-0.16871,-1.64360,-1.23708,-94.46,1.7247,1.6522
0.1167,0.9857,0.0075,-0.9962,0.4493,-0.17910,-1.64265,-1.23742,-94.04,1.2529,1.6524
0.1250,-1.4010,0.1788,1.3222,0.2194,-0.18858,-1.63993,-1.23840,-94.36,1.1834,1.6507
0.1333,-0.0596,2.5092,0.7924,1.6223,-0.19702,-1.63748,-1.23938,-94.87,1.0545,1.6493
0.1417,2.5450,1.6770,-0.8277,1.9564,-0.20745,-1.63706,-1.23979,-94.19,1.2520,1.6501
0.1500,2.9117,2.9559,0.0037,3.1877,-0.21797,-1.63614,-1.23934,-93.63,1.2680,1.6506
0.1583,2.4521,1.8811,0.0098,2.4885,-0.23075,-1.63415,-1.23806,-93.17,1.5512,1.6504
0.1667,1.5725,2.0110,0.0008,1.8007,-0.24343,-1.63140,-1.23821,-92.02,1.5577,1.6495
0.1750,5.7956,3.9684,-2.6881,1.1838,-0.25457,-1.62797,-1.23956,-90.80,1.3987,1.6478
0.1833,1.2532,0.6594,-0.8881,2.4201,-0.26611,-1.62559,-1.23946,-91.03,1.4138,1.6472
0.1917,2.5602,4.4607,-0.0558,4.1090,-0.27232,-1.62382,-1.23883,-91.04,0.7743,1.6465
0.2000,1.9988,2.6265,-0.2724,1.3370,-0.28450,-1.62428,-1.23762,-91.01,1.4627,1.6490
0.2083,0.3224,0.4892,1.2893,1.0471,-0.29586,-1.62245,-1.23729,-90.94,1.3817,1.6492
0.2167,-0.8514,0.2409,-0.2581,0.0650,-0.30622,-1.61994,-1.23776,-91.20,1.2784,1.6486
0.2250,1.2069,1.2006,-1.5521,3.0513,-0.31561,-1.61645,-1.23913,-91.00,1.2028,1.6470
0.2333,2.9120,0.8541,-0.3235,1.7758,-0.32603,-1.61466,-1.23948,-90.61,1.2687,1.6473
0.2417,6.0627,0.1975,-0.9648,2.5898,-0.33445,-1.61205,-1.24009,-89.57,1.0578,1.6464
0.2500,2.7215,0.0094,-1.1122,1.0397,-0.34657,-1.60811,-1.23927,-89.34,1.5285,1.6450
0.2583,1.5112,0.7947,-1.3342,1.7470,-0.35765,-1.60261,-1.23929,-89.15,1.4846,1.6420
0.2667,0.7623,2.9144,-0.0499,1.5244,-0.37048,-1.59954,-1.23852,-89.19,1.5832,1.6419
0.2750,1.2251,1.8305,-0.0129,0.6696,-0.38456,-1.59700,-1.23766,-89.08,1.7175,1.6426
0.2833,2.3512,4.2443,-0.0078,5.5760,-0.38725,-1.59824,-1.23740,-88.26,0.3558,1.6445
0.2917,1.8928,1.7613,0.1962,1.9492,-0.38935,-1.60024,-1.23724,-86.92,0.3473,1.6469
0.3000,1.2186,3.8858,0.2807,2.7714,-0.39280,-1.60114,-1.23737,-86.03,0.4282,1.6486
0.3083,0.6327,2.9894,0.0007,0.9246,-0.39718,-1.60203,-1.23757,-85.41,0.5361,1.6505
0.3167,2.2620,1.2354,-0.0067,2.0415,-0.40135,-1.60195,-1.23857,-84.69,0.5005,1.6515
0.3250,6.8224,0.2302,0.4553,1.9589,-0.40831,-1.60006,-1.24001,-83.51,0.8657,1.6513
0.3333,2.5408,0.0036,-1.0283,1.4587,-0.42033,-1.59601,-1.23872,-83.22,1.5221,1.6504
0.3417,2.1788,0.0009,-1.2740,1.3018,-0.43460,-1.59203,-1.23843,-83.06,1.7779,1.6503
0.3500,4.3691,0.1773,-0.5794,1.2277,-0.44691,-1.58568,-1.23926,-82.62,1.6626,1.6475
0.3583,0.9116,1.3849,0.0255,2.1062,-0.45886,-1.57885,-1.23843,-82.98,1.6510,1.6442
0.3667,0.6969,0.6307,0.0216,1.4539,-0.47315,-1.57489,-1.23739,-83.37,1.7792,1.6444
0.3750,1.1097,2.4133,0.0591,1.7901,-0.48623,-1.56988,-1.23717,-83.47,1.6809,1.6435
0.3833,0.7207,2.9100,0.0120,1.5897,-0.49895,-1.56418,-1.23760,-83.45,1.6728,1.6418
0.3917,2.4643,3.6306,0.0106,2.5251,-0.50371,-1.56414,-1.23750,-83.00,0.5716,1.6432
0.4000,5.2428,0.7820,0.0144,4.0438,-0.50502,-1.56563,-1.23741,-82.22,0.2374,1.6451
0.4083,2.3884,0.2064,0.0525,1.9581,-0.50828,-1.56630,-1.23709,-80.93,0.3997,1.6467
0.4167,2.0075,-0.0113,0.1684,1.1730,-0.51005,-1.56800,-1.23713,-79.55,0.2937,1.6489
0.4250,2.0401,-0.0115,0.0239,1.1525,-0.51149,-1.56961,-1.23759,-78.24,0.2597,1.6508
0.4333,3.1768,-0.0048,-0.0044,1.8162,-0.51299,-1.57065,-1.23828,-77.22,0.2186,1.6523
0.4417,1.4444,-0.0094,1.0049,-1.1963,-0.51489,-1.57185,-1.23907,-75.86,0.2699,1.6540
0.4500,2.5285,0.0282,1.6591,1.0921,-0.51888,-1.56871,-1.23890,-75.05,0.6088,1.6523
0.4583,-0.3720,0.6142,0.7033,1.3901,-0.52888,-1.56055,-1.23972,-75.20,1.5488,1.6477
0.4667,0.5650,0.1349,0.2497,1.7769,-0.54149,-1.55214,-1.23960,-75.47,1.8190,1.6439
0.4750,2.3653,0.5741,1.4256,-0.4900,-0.55640,-1.54466,-1.23887,-75.62,2.0017,1.6418
0.4833,1.2717,0.0311,0.6933,0.1664,-0.57064,-1.53715,-1.23728,-75.91,1.9312,1.6397
0.4917,0.2012,0.8495,-0.1134,0.3865,-0.58499,-1.52814,-1.23755,-76.19,2.0339,1.6363
0.5000,1.7926,-0.3431,0.0139,1.9739,-0.59815,-1.52180,-1.23748,-76.77,1.7533,1.6351
0.5083,0.3705,-1.1197,0.0038,0.7531,-0.61265,-1.51627,-1.23801,-77.40,1.8624,1.6354
0.5167,0.3159,3.3780,-0.0123,0.6049,-0.61909,-1.51426,-1.23900,-77.01,0.8094,1.6359
0.5250,3.0795,1.2018,0.0786,3.5720,-0.61940,-1.51480,-1.23967,-76.58,0.0756,1.6365
0.5333,4.8768,1.1348,0.5447,3.5434,-0.62011,-1.51576,-1.23983,-76.05,0.1428,1.6377
0.5417,5.0035,0.0050,1.0043,1.6959,-0.62467,-1.51293,-1.23856,-75.37,0.6446,1.6368
0.5500,2.1120,0.2143,1.2192,1.4641,-0.63539,-1.50486,-1.23757,-75.09,1.6098,1.6335
0.5583,0.8265,0.2064,0.1132,0.6389,-0.64801,-1.49628,-1.23713,-75.26,1.8310,1.6306
0.5667,1.0483,0.9936,-0.0010,0.6941,-0.66152,-1.48731,-1.23732,-75.45,1.9466,1.6278
0.5750,0.2819,0.2001,0.0055,-0.6609,-0.67601,-1.47968,-1.23762,-75.54,1.9649,1.6268
0.5833,0.0483,-0.2267,0.0394,-1.0115,-0.68923,-1.47379,-1.23855,-75.63,1.7367,1.6270
0.5917,-0.0080,0.2594,1.1799,-2.4704,-0.70215,-1.46873,-1.23925,-75.52,1.6657,1.6279
0.6000,0.6482,0.2283,0.1649,0.2031,-0.71183,-1.46247,-1.23928,-75.87,1.3827,1.6265
0.6083,4.1354,0.0185,4.7261,1.1777,-0.72230,-1.45721,-1.23791,-75.98,1.4060,1.6264
0.6167,4.0779,-0.0043,2.7644,2.7668,-0.72319,-1.45607,-1.23719,-75.65,0.1739,1.6258
0.6250,1.1118,-0.0126,0.4966,1.1514,-0.73114,-1.44779,-1.23736,-75.18,1.3777,1.6219
0.6333,1.4365,-0.0027,0.4589,0.8718,-0.74277,-1.43780,-1.23714,-75.41,1.8403,1.6183
0.6417,0.0361,0.0031,-0.8316,0.3474,-0.75568,-1.42690,-1.23821,-75.56,2.0272,1.6146
0.6500,3.6778,1.6391,1.7931,0.0213,-0.76814,-1.41617,-1.24039,-75.65,1.9729,1.6111
0.6583,1.4583,1.1123,0.9251,0.0312,-0.78019,-1.40760,-1.23908,-75.80,1.7747,1.6094
0.6667,1.1024,0.0850,0.7300,0.2337,-0.79168,-1.39916,-1.23807,-76.05,1.7106,1.6076
0.6750,2.4927,1.6682,0.1998,1.7653,-0.80199,-1.39021,-1.23753,-76.28,1.6378,1.6050
0.6833,0.7952,0.2183,0.8732,0.2242,-0.81477,-1.38144,-1.23706,-76.55,1.8600,1.6038
0.6917,4.2924,1.1482,0.4707,2.4914,-0.81769,-1.38063,-1.23721,-76.44,0.3634,1.6046
0.7000,3.7666,0.7062,2.1041,0.8866,-0.82065,-1.37987,-1.23709,-75.79,0.3667,1.6055
0.7083,3.1513,1.2847,0.9753,0.4015,-0.82932,-1.37326,-1.23719,-75.45,1.3083,1.6042
0.7167,1.8356,3.6065,0.1162,1.4550,-0.83584,-1.36849,-1.23717,-75.03,0.9701,1.6036
0.7250,1.3691,2.9814,-0.0080,1.0864,-0.84056,-1.36516,-1.23711,-75.11,0.6931,1.6032
0.7333,3.0411,0.6404,0.0074,3.1727,-0.84407,-1.36224,-1.23715,-75.08,0.5476,1.6025
0.7417,1.3458,1.2960,0.1596,0.9730,-0.84850,-1.35919,-1.23761,-74.26,0.6455,1.6023
0.7500,1.7526,0.0304,1.4459,0.5285,-0.85528,-1.35370,-1.23723,-73.96,1.0469,1.6013
0.7583,1.8454,-0.0066,-0.4337,0.1218,-0.86645,-1.34307,-1.23732,-74.12,1.8504,1.5983
0.7667,3.5025,0.0367,1.7762,-2.2340,-0.87870,-1.33556,-1.23703,-74.14,1.7241,1.5987
0.7750,3.3555,0.0039,1.0230,-1.3533,-0.88784,-1.32905,-1.23715,-73.78,1.3462,1.5983
0.7833,3.9394,-0.0009,1.1793,0.3112,-0.89636,-1.32207,-1.23752,-73.38,1.3220,1.5973
0.7917,2.9185,-0.0766,2.2287,-1.6254,-0.90591,-1.31399,-1.23730,-73.04,1.5018,1.5960
0.8000,1.3418,-0.0214,1.2412,-0.8037,-0.91217,-1.30874,-1.23736,-72.74,0.9798,1.5953
0.8083,11.0039,0.3178,10.8532,1.7038,-0.91266,-1.30717,-1.23888,-72.11,0.1975,1.5942
0.8167,3.9797,0.0040,1.9127,2.2124,-0.91467,-1.30269,-1.23770,-71.95,0.5893,1.5917
0.8250,1.7967,-0.0191,2.4608,-0.6919,-0.92495,-1.29422,-1.23719,-72.28,1.5978,1.5908
0.8333,3.9180,0.2114,1.0156,-0.4422,-0.93739,-1.28579,-1.23670,-72.56,1.8038,1.5912
0.8417,2.9137,-0.0898,2.4330,-1.0754,-0.94611,-1.27844,-1.23563,-72.27,1.3683,1.5904
0.8500,3.7489,-0.0689,0.8502,0.6775,-0.95469,-1.26970,-1.23509,-72.41,1.4703,1.5886
0.8583,2.8045,0.0123,0.3018,1.5227,-0.95716,-1.26677,-1.23475,-71.90,0.4597,1.5877
0.8667,2.6597,0.0545,0.8412,-0.5799,-0.96182,-1.26247,-1.23491,-71.49,0.7604,1.5871
0.8750,2.1183,-0.1184,1.7431,-0.5269,-0.96862,-1.25450,-1.23538,-71.32,1.2577,1.5849
0.8833,1.2653,0.2464,0.2774,-0.5169,-0.97691,-1.24329,-1.23611,-71.74,1.6732,1.5812
0.8917,3.0484,0.0496,1.5081,-1.4849,-0.98622,-1.23560,-1.23465,-71.75,1.4486,1.5809
0.9000,2.6551,0.1572,1.4976,-1.7169,-0.99494,-1.22826,-1.23346,-71.75,1.3676,1.5807
0.9083,4.1211,0.0033,4.2339,-2.6375,-0.99760,-1.22731,-1.23318,-70.88,0.3394,1.5816
0.9167,8.3274,0.2782,0.3992,1.3591,-0.99844,-1.22714,-1.23350,-70.49,0.1023,1.5820
0.9250,1.4158,-0.0391,0.0938,-0.1600,-0.99875,-1.22753,-1.23416,-69.97,0.0606,1.5825
0.9333,-0.0056,-0.1123,-0.0057,-0.0646,-0.99966,-1.22740,-1.23443,-69.88,0.1104,1.5830
0.9417,1.9641,-0.0076,0.0000,1.9686,-0.99916,-1.22679,-1.23519,-69.76,0.0944,1.5822
0.9500,2.9423,-0.0191,-0.0052,3.1152,-0.99934,-1.22695,-1.23524,-69.61,0.0277,1.5824
0.9583,3.8407,0.0494,-0.0104,1.2652,-1.00009,-1.22651,-1.23547,-69.21,0.1042,1.5826
0.9667,1.7251,-0.0184,0.0477,0.4078,-1.00117,-1.22688,-1.23526,-68.76,0.1378,1.5835
0.9750,2.2071,-0.0495,-0.0054,1.7250,-1.00124,-1.22708,-1.23551,-68.57,0.0258,1.5837
0.9833,2.8707,0.0188,0.0023,1.0678,-1.00149,-1.22732,-1.23556,-68.37,0.0422,1.5841
0.9917,2.1114,-0.0123,-0.0002,1.7824,-1.00148,-1.22729,-1.23576,-68.31,0.0036,1.5841
1.0000,1.6970,-0.0133,-0.0009,1.0835,-1.00224,-1.22767,-1.23554,-68.00,0.1016,1.5848
1.0083,3.9938,0.0988,0.0070,2.3440,-1.00230,-1.22779,-1.23569,-67.88,0.0164,1.5850
1.0167,1.5830,-0.0110,0.0006,0.9390,-1.00265,-1.22799,-1.23556,-67.75,0.0488,1.5853
1.0250,1.0611,-0.0100,0.0013,0.5660,-1.00273,-1.22815,-1.23594,-67.51,0.0217,1.5855
1.0333,5.2145,1.4965,0.0066,1.7730,-1.00205,-1.22777,-1.23678,-67.51,0.0934,1.5848
1.0417,2.6677,0.7971,-0.0138,0.0647,-1.00218,-1.22779,-1.23667,-67.50,0.0153,1.5849
1.0500,3.6121,0.6349,0.0129,1.7180,-1.00285,-1.22804,-1.23625,-67.36,0.0855,1.5855
1.0583,1.5886,0.0575,0.0021,0.2887,-1.00389,-1.22847,-1.23604,-66.95,0.1362,1.5865
1.0667,2.0724,0.0777,0.0034,0.5603,-1.00411,-1.22857,-1.23624,-66.76,0.0289,1.5867
1.0750,1.7200,-0.0104,0.0009,0.3902,-1.00457,-1.22889,-1.23620,-66.55,0.0665,1.5872
1.0833,0.9775,-0.0125,0.0174,0.0486,-1.00488,-1.22911,-1.23656,-66.25,0.0457,1.5876
1.0917,1.0817,0.1966,0.0039,0.1275,-1.00453,-1.22825,-1.23780,-65.92,0.1115,1.5867
1.1000,7.5749,0.4172,0.0111,1.7827,-1.00494,-1.22707,-1.23791,-66.07,0.1493,1.5861
1.1083,6.7834,0.0513,4.3649,0.5385,-1.00500,-1.22605,-1.23868,-65.33,0.1228,1.5853
1.1167,3.1651,0.0057,1.3847,-1.0535,-1.00806,-1.21991,-1.23816,-64.71,0.8232,1.5825
1.1250,1.4406,-0.0859,0.0273,0.3252,-1.01540,-1.20818,-1.23931,-64.55,1.6606,1.5782
1.1333,4.7943,-0.0152,1.5553,-2.4678,-1.02837,-1.19914,-1.23942,-64.50,1.8978,1.5797
1.1417,4.5016,0.0162,4.0025,-2.8085,-1.03840,-1.19047,-1.23836,-64.56,1.5896,1.5797
1.1500,4.2479,0.0392,3.3900,-2.4429,-1.04774,-1.18076,-1.23727,-64.98,1.6174,1.5786
1.1583,2.6972,0.0096,1.3700,-0.4817,-1.05569,-1.17036,-1.23645,-65.60,1.5709,1.5761
1.1667,2.2239,-0.0007,2.4745,-2.2051,-1.06477,-1.15869,-1.23566,-65.90,1.7742,1.5736
1.1750,2.2808,0.0071,1.6660,-1.3553,-1.07332,-1.14769,-1.23500,-66.24,1.6722,1.5714
1.1833,2.2057,0.0153,0.7561,-0.4049,-1.07845,-1.14001,-1.23506,-66.28,1.1075,1.5693
1.1917,2.7982,-0.0911,-0.0538,2.4087,-1.07824,-1.13726,-1.23671,-66.14,0.3310,1.5672
1.2000,2.0157,0.0019,0.0016,-0.3665,-1.07935,-1.13767,-1.23615,-65.83,0.1420,1.5682
1.2083,-0.6790,-0.2342,4.0811,-2.7643,-1.08195,-1.13770,-1.23586,-65.01,0.3123,1.5700
1.2167,3.7568,-0.0008,3.1623,-1.9114,-1.08371,-1.13705,-1.23563,-64.79,0.2244,1.5708
1.2250,4.0083,0.0084,1.6959,0.8767,-1.08549,-1.13426,-1.23555,-64.96,0.3975,1.5700
1.2333,3.4719,0.0084,1.6962,0.2029,-1.08977,-1.12841,-1.23492,-65.17,0.8701,1.5687
1.2417,2.9735,-0.0058,1.2171,0.8046,-1.09550,-1.11982,-1.23448,-65.44,1.2386,1.5666
1.2500,2.6464,0.0266,0.4593,0.3707,-1.09971,-1.11244,-1.23473,-65.51,1.0193,1.5643
1.2583,5.3329,0.1717,0.0266,2.0356,-1.10096,-1.10783,-1.23595,-65.44,0.5743,1.5619
1.2667,4.0265,0.0022,2.4939,-1.7373,-1.10492,-1.10573,-1.23509,-64.71,0.5367,1.5632
1.2750,3.3620,0.0029,2.5123,-0.4137,-1.10999,-1.10068,-1.23406,-64.68,0.8590,1.5632
1.2833,3.8557,-0.0089,2.0823,1.3392,-1.11447,-1.09465,-1.23297,-65.40,0.9019,1.5621
1.2917,4.5818,-0.3470,2.3610,-0.0738,-1.11860,-1.08780,-1.23263,-65.76,0.9587,1.5603
1.3000,3.6763,-0.5714,1.0018,-1.2798,-1.12674,-1.07637,-1.23203,-65.59,1.6843,1.5582
1.3083,2.6562,-1.8383,0.7125,-1.1707,-1.13450,-1.06414,-1.23170,-65.64,1.7380,1.5555
1.3167,2.2125,2.2368,0.0833,-1.0997,-1.14134,-1.05146,-1.23150,-65.61,1.7294,1.5518
1.3250,0.9627,3.8835,-0.3791,-1.0330,-1.14759,-1.03729,-1.23169,-65.44,1.8579,1.5469
1.3333,3.6633,0.5503,0.5958,-1.2074,-1.15577,-1.02751,-1.22970,-64.82,1.5304,1.5465
1.3417,3.6889,0.1698,0.9343,-1.2614,-1.16328,-1.01836,-1.22836,-64.19,1.4210,1.5461
1.3500,3.4930,-0.9076,1.2569,-0.9687,-1.16969,-1.00713,-1.22653,-64.29,1.5510,1.5435
1.3583,4.4513,0.1515,0.9340,-0.8574,-1.17566,-0.99489,-1.22533,-64.29,1.6342,1.5401
1.3667,2.4021,0.4891,0.4976,-1.8736,-1.18223,-0.98294,-1.22405,-64.17,1.6367,1.5375
1.3750,2.3294,0.2799,0.0497,-1.5481,-1.18825,-0.97062,-1.22311,-64.12,1.6457,1.5343
1.3833,1.5131,1.1045,-0.3197,-1.6443,-1.19416,-0.95676,-1.22291,-64.09,1.8076,1.5302
1.3917,1.8351,2.3124,-0.6185,-1.8010,-1.20008,-0.94179,-1.22415,-63.94,1.9327,1.5255
1.4000,3.5284,-0.4325,0.2740,-1.4322,-1.20806,-0.93128,-1.22243,-63.28,1.5823,1.5253
1.4083,3.8732,-1.4993,0.8876,-1.3168,-1.21477,-0.92022,-1.22075,-62.99,1.5528,1.5240
1.4167,2.8074,-1.2920,0.8297,-1.3288,-1.22055,-0.90796,-1.21905,-63.11,1.6263,1.5212
1.4250,1.9879,-0.3786,0.2515,-1.5273,-1.22597,-0.89464,-1.21812,-63.29,1.7262,1.5177
1.4333,2.0763,-0.3483,0.3178,-1.6371,-1.23194,-0.88188,-1.21715,-63.18,1.6902,1.5151
1.4417,1.7180,-0.4793,0.1229,-1.7464,-1.23719,-0.86851,-1.21636,-63.19,1.7242,1.5116
1.4500,0.7253,-0.4089,-0.1888,-0.9922,-1.24203,-0.85439,-1.21660,-63.20,1.7908,1.5075
1.4583,4.3141,0.6832,-1.1158,-1.9872,-1.24675,-0.83887,-1.21774,-63.15,1.9467,1.5027
1.4667,3.2363,-1.8635,0.5679,-1.3860,-1.25342,-0.82715,-1.21607,-62.89,1.6180,1.5017
1.4750,2.6370,-1.3165,1.1637,-1.2329,-1.25904,-0.81607,-1.21476,-62.63,1.4906,1.5004
1.4833,2.5170,-2.3752,0.8233,-1.0676,-1.26382,-0.80442,-1.21354,-62.54,1.5109,1.4981
1.4917,2.1996,-1.3722,-0.1648,-1.5244,-1.26888,-0.79143,-1.21324,-62.31,1.6737,1.4955
1.5000,2.9829,-1.7904,1.7310,-1.5439,-1.27384,-0.77827,-1.21243,-62.22,1.6871,1.4928
1.5083,2.1448,-0.3916,-0.1703,-1.8398,-1.27807,-0.76462,-1.21223,-62.15,1.7157,1.4893
1.5167,2.0686,0.6812,-0.7052,-0.5391,-1.28187,-0.74930,-1.21272,-62.08,1.8937,1.4848
1.5250,2.4677,-1.1666,-0.5593,-1.1667,-1.28527,-0.73323,-1.21304,-62.15,1.9712,1.4797
1.5333,2.6150,-2.1277,0.6671,-1.2224,-1.29084,-0.72083,-1.21134,-62.03,1.6305,1.4785
1.5417,2.5019,-3.7325,0.9718,-1.0045,-1.29543,-0.70808,-1.20975,-62.04,1.6266,1.4763
1.5500,1.9039,-1.5983,0.6662,-1.2896,-1.29921,-0.69472,-1.20866,-62.11,1.6662,1.4733
1.5583,1.4752,-0.3180,-0.0263,-0.9040,-1.30266,-0.68039,-1.20831,-62.14,1.7686,1.4696
1.5667,2.8490,-1.8231,2.0829,-1.9598,-1.30612,-0.66762,-1.20737,-62.17,1.5875,1.4669
1.5750,3.4751,-0.6050,-0.0206,-0.9729,-1.30911,-0.65410,-1.20732,-62.07,1.6621,1.4634
1.5833,-0.2695,0.8132,-0.4845,-1.9775,-1.31129,-0.63885,-1.20839,-61.77,1.8482,1.4586
1.5917,2.7332,-1.1334,-0.2553,-1.1545,-1.31386,-0.62348,-1.20864,-61.66,1.8707,1.4543
1.6000,3.1871,-3.7628,0.7321,-1.7032,-1.31841,-0.61082,-1.20677,-61.62,1.6134,1.4530
1.6083,2.7650,-2.4128,1.3340,-1.1125,-1.32174,-0.59762,-1.20509,-61.65,1.6342,1.4506
1.6167,1.3466,-1.3143,0.2279,-1.3803,-1.32418,-0.58399,-1.20410,-61.73,1.6611,1.4472
1.6250,1.8908,-0.9296,0.1290,-1.3366,-1.32669,-0.56928,-1.20366,-61.74,1.7915,1.4437
1.6333,1.8021,-0.9992,0.0968,-1.2640,-1.32893,-0.55526,-1.20285,-61.82,1.7036,1.4403
1.6417,1.5244,0.7172,-0.1229,-0.4423,-1.33044,-0.54158,-1.20304,-61.83,1.6514,1.4364
1.6500,1.1017,0.3033,-0.5295,-0.8056,-1.33117,-0.52660,-1.20379,-61.61,1.8001,1.4315
1.6583,1.8551,-1.9119,1.9314,-2.3419,-1.33271,-0.51252,-1.20383,-61.47,1.6990,1.4279
1.6667,1.4265,-1.2690,0.8622,-2.0509,-1.33569,-0.49946,-1.20236,-61.63,1.6075,1.4260
1.6750,1.0595,-1.8042,0.8430,-1.8578,-1.33799,-0.48583,-1.20142,-61.88,1.6588,1.4235
1.6833,1.8772,-1.2768,1.3724,-0.7994,-1.33902,-0.47293,-1.20062,-61.87,1.5528,1.4201
1.6917,3.1365,-1.2171,2.6214,-1.1964,-1.33956,-0.45956,-1.20033,-61.88,1.6054,1.4162
1.7000,1.3649,-1.0556,0.5518,-0.5467,-1.34024,-0.44560,-1.19945,-61.93,1.6775,1.4124
1.7083,1.7046,-0.4698,0.3063,-0.0295,-1.34037,-0.43188,-1.19977,-61.78,1.6459,1.4082
1.7167,0.7638,-0.4558,0.5856,-0.5660,-1.33948,-0.41828,-1.20071,-61.61,1.6358,1.4033
1.7250,1.7516,-2.0037,1.3229,-2.0551,-1.33968,-0.40509,-1.20054,-61.63,1.5834,1.3996
1.7333,1.3389,-1.7071,1.2962,-0.8458,-1.34113,-0.39219,-1.19887,-61.79,1.5574,1.3973
1.7417,0.7597,-1.5323,1.0364,-0.6530,-1.34178,-0.37907,-1.19787,-61.97,1.5771,1.3943
1.7500,1.0461,-0.2028,0.6650,0.7384,-1.34185,-0.36530,-1.19788,-62.21,1.6521,1.3907
1.7583,1.6809,-0.0940,2.1802,1.1870,-1.34157,-0.35073,-1.19797,-62.58,1.7481,1.3867
1.7667,0.4706,-0.3896,1.2642,0.0503,-1.34166,-0.33664,-1.19857,-62.92,1.6915,1.3833
1.7750,0.5360,0.3259,0.2711,1.2637,-1.34056,-0.32153,-1.19970,-63.38,1.8175,1.3786
1.7833,0.3837,-0.1391,-0.0137,2.3695,-1.33833,-0.30764,-1.20153,-63.88,1.6890,1.3732
1.7917,-0.0187,-0.9532,0.0030,2.4151,-1.33524,-0.29539,-1.20417,-64.63,1.5160,1.3675
1.8000,0.6852,-2.3564,2.6993,2.7041,-1.33514,-0.28613,-1.20611,-65.86,1.1102,1.3655
1.8083,-1.1383,-1.2756,2.7982,0.9364,-1.33589,-0.27516,-1.20747,-66.71,1.3196,1.3639
1.8167,-1.3738,-0.7469,1.1847,2.1626,-1.33670,-0.26354,-1.21050,-67.69,1.3986,1.3624
1.8250,-1.1314,-1.7964,1.7120,1.7077,-1.33532,-0.25327,-1.21359,-68.60,1.2428,1.3591
1.8333,-1.3276,-1.1994,2.2126,2.2454,-1.33389,-0.24365,-1.21772,-69.41,1.1678,1.3560
1.8417,-2.1188,-1.9112,3.0939,1.8942,-1.33357,-0.23152,-1.22297,-70.29,1.4561,1.3535
1.8500,-1.9770,-1.9994,0.6532,0.0477,-1.33349,-0.21858,-1.22886,-71.03,1.5527,1.3513
1.8583,-2.2682,-2.2768,0.0122,0.0001,-1.33206,-0.21479,-1.23383,-72.18,0.4857,1.3493
1.8667,2.2441,-0.2639,0.0136,-0.0131,-1.33091,-0.21289,-1.23717,-74.05,0.2670,1.3478
1.8750,-0.6149,-1.8503,-0.0668,-0.0165,-1.33315,-0.20924,-1.24007,-77.70,0.5142,1.3495
1.8833,0.0396,-2.6567,-0.0195,0.0256,-1.33580,-0.20550,-1.24199,-80.11,0.5496,1.3515
1.8917,3.5831,-0.9591,0.0630,0.8244,-1.33955,-0.19928,-1.24184,-81.52,0.8710,1.3543
1.9000,3.2325,-0.6159,0.3604,1.2798,-1.34492,-0.19585,-1.24128,-84.47,0.7648,1.3591
1.9083,3.7447,-1.3618,2.9687,0.8200,-1.35073,-0.19239,-1.24122,-87.14,0.8116,1.3644
1.9167,2.4369,1.0082,0.6170,1.5164,-1.35213,-0.19142,-1.24108,-87.40,0.2040,1.3656
1.9250,1.0227,0.5929,0.2230,2.4030,-1.35241,-0.19136,-1.24093,-87.50,0.0349,1.3659
1.9333,0.2428,0.4797,0.0017,1.3951,-1.35238,-0.19146,-1.24099,-87.30,0.0127,1.3659
1.9417,-0.0026,0.4121,-0.0027,1.5713,-1.35229,-0.19160,-1.24108,-87.08,0.0189,1.3658
1.9500,0.0308,0.3011,0.0079,1.0529,-1.35240,-0.19165,-1.24106,-86.92,0.0138,1.3659
1.9583,4.2742,0.0825,0.0484,2.8104,-1.35295,-0.19148,-1.24077,-87.09,0.0699,1.3664
1.9667,3.6211,0.0009,0.2130,2.5443,-1.35375,-0.19121,-1.24029,-87.46,0.1012,1.3672
1.9750,2.1436,-0.0039,-0.0050,1.5534,-1.35374,-0.19123,-1.24027,-87.35,0.0030,1.3672
1.9833,3.3422,-0.0009,0.0834,2.5711,-1.35408,-0.19114,-1.24010,-87.46,0.0425,1.3675
1.9917,0.4342,0.0022,0.0022,0.9159,-1.35369,-0.19128,-1.24036,-87.18,0.0499,1.3671
2.0000,-0.0000,-0.0007,-0.0001,1.2021,-1.35361,-0.19142,-1.24042,-86.95,0.0193,1.3671
2.0083,0.0025,0.0013,0.0024,1.0058,-1.35361,-0.19152,-1.24045,-86.74,0.0125,1.3671
2.0167,4.6395,-0.0138,0.0006,3.0747,-1.35428,-0.19132,-1.24013,-86.96,0.0844,1.3677
2.0250,4.1190,0.0139,0.0334,2.1246,-1.35549,-0.19098,-1.23941,-87.52,0.1509,1.3689
2.0333,2.1027,-0.0017,0.0027,0.9956,-1.35546,-0.19102,-1.23941,-87.39,0.0062,1.3689
2.0417,4.4008,-0.0194,-0.0067,2.7856,-1.35593,-0.19088,-1.23914,-87.56,0.0590,1.3693
2.0500,0.5883,0.0046,0.0061,0.8037,-1.35559,-0.19099,-1.23937,-87.33,0.0433,1.3690
2.0583,0.0641,-0.0015,0.0007,0.8894,-1.35497,-0.19124,-1.23972,-86.95,0.0803,1.3684
2.0667,-0.0014,-0.0029,-0.0014,0.9146,-1.35470,-0.19147,-1.23987,-86.64,0.0416,1.3682
2.0750,5.6422,-0.0066,0.0194,3.6946,-1.35539,-0.19130,-1.23958,-86.86,0.0843,1.3688
2.0833,3.8070,0.0029,-0.0001,2.8214,-1.35684,-0.19094,-1.23872,-87.56,0.1797,1.3702
2.0917,1.8313,-0.0216,-0.0243,2.6715,-1.35718,-0.19089,-1.23848,-87.67,0.0407,1.3705
2.1000,5.3696,0.0371,0.0448,3.5757,-1.35731,-0.19086,-1.23843,-87.53,0.0171,1.3707
2.1083,0.6652,-0.0027,-0.0026,1.8978,-1.35750,-0.19081,-1.23828,-87.57,0.0228,1.3708
2.1167,0.1175,-0.0045,-0.0027,1.6238,-1.35699,-0.19097,-1.23856,-87.22,0.0641,1.3704
2.1250,0.0013,0.0002,0.0012,1.6332,-1.35705,-0.19103,-1.23852,-87.01,0.0103,1.3704
2.1333,0.2390,-0.0015,-0.0007,1.5974,-1.35715,-0.19107,-1.23847,-86.83,0.0123,1.3705
2.1417,4.3588,0.0014,-0.0009,4.0657,-1.35829,-0.19081,-1.23782,-87.32,0.1408,1.3716
2.1500,5.8384,0.0586,0.0403,3.4295,-1.35888,-0.19065,-1.23745,-87.57,0.0737,1.3722
2.1583,2.4096,-0.0054,-0.0017,1.5299,-1.35887,-0.19064,-1.23741,-87.40,0.0020,1.3722
2.1667,4.2595,0.0715,0.0638,2.6547,-1.35925,-0.19058,-1.23720,-87.50,0.0462,1.3725
2.1750,0.2404,-0.0028,-0.0049,1.2647,-1.35864,-0.19072,-1.23755,-87.16,0.0752,1.3720
2.1833,-0.0005,-0.0026,-0.0005,1.4491,-1.35839,-0.19090,-1.23765,-86.88,0.0373,1.3717
2.1917,0.1094,-0.0002,0.0004,1.3981,-1.35838,-0.19097,-1.23764,-86.66,0.0085,1.3717
2.2000,4.3839,0.0169,-0.0052,3.8063,-1.35942,-0.19078,-1.23711,-87.06,0.1273,1.3727
2.2083,3.2389,0.0111,0.0097,1.5844,-1.36008,-0.19062,-1.23669,-87.37,0.0809,1.3734
2.2167,2.0569,-0.0133,-0.0220,1.9838,-1.36017,-0.19060,-1.23663,-87.35,0.0113,1.3735
2.2250,3.9345,-0.0047,-0.0046,3.0834,-1.36035,-0.19054,-1.23652,-87.36,0.0227,1.3736
2.2333,0.3788,0.0034,0.0043,1.4255,-1.36008,-0.19060,-1.23669,-87.14,0.0327,1.3734
2.2417,0.0661,-0.0057,-0.0008,0.9325,-1.35856,-0.19091,-1.23754,-86.42,0.1868,1.3719
2.2500,0.1484,-0.0033,0.0003,0.8461,-1.35784,-0.19124,-1.23785,-85.98,0.0951,1.3712
2.2583,3.3058,0.0205,-0.0345,1.4726,-1.35972,-0.19070,-1.23693,-86.84,0.2349,1.3730
2.2667,3.3204,0.0107,0.0093,2.2834,-1.36066,-0.19045,-1.23630,-87.33,0.1177,1.3739
2.2750,3.1420,0.0156,0.0213,2.7504,-1.36074,-0.19039,-1.23622,-87.39,0.0108,1.3740
2.2833,4.3446,0.0094,-0.0124,1.6984,-1.36081,-0.19034,-1.23617,-87.40,0.0109,1.3741
2.2917,1.0963,0.0053,-0.0069,1.9130,-1.36084,-0.19033,-1.23615,-87.45,0.0037,1.3741
2.3000,0.2557,0.0163,0.0163,0.2752,-1.35972,-0.19051,-1.23682,-86.90,0.1364,1.3730
2.3083,0.0147,0.0131,0.0147,0.1758,-1.35908,-0.19073,-1.23710,-86.59,0.0807,1.3724
2.3167,4.7512,-0.0113,0.0009,1.8441,-1.35933,-0.19054,-1.23713,-86.73,0.0376,1.3726
2.3250,3.4772,0.0037,0.0020,1.2998,-1.36062,-0.19017,-1.23625,-87.52,0.1614,1.3738
2.3333,3.4420,-0.0106,-0.0111,1.0638,-1.36086,-0.19009,-1.23609,-87.75,0.0299,1.3741
2.3417,6.0931,0.0344,0.0351,1.9525,-1.36081,-0.19007,-1.23611,-87.69,0.0061,1.3740
2.3500,3.2310,0.0106,0.0106,1.2900,-1.36102,-0.18998,-1.23596,-87.90,0.0279,1.3742
2.3583,0.2100,-0.0091,-0.0080,1.0379,-1.36068,-0.19000,-1.23618,-87.82,0.0418,1.3739
2.3667,0.0418,0.0009,0.0064,-0.1551,-1.35871,-0.19029,-1.23736,-87.04,0.2390,1.3720
2.3750,7.6743,0.0441,0.0171,0.5879,-1.35784,-0.19039,-1.23786,-86.76,0.1048,1.3711
2.3833,3.8067,0.0028,-0.0017,0.6775,-1.35970,-0.18973,-1.23679,-88.01,0.2371,1.3729
2.3917,3.6859,-0.0052,-0.0167,0.4074,-1.35997,-0.18954,-1.23643,-88.56,0.0395,1.3731
2.4000,4.5658,-0.0162,0.0586,1.1735,-1.36040,-0.18932,-1.23652,-88.93,0.0584,1.3735
2.4083,3.9555,-0.0165,-0.0227,0.6355,-1.36005,-0.18944,-1.23646,-88.98,0.0454,1.3732
2.4167,0.8634,0.0140,0.0030,0.8344,-1.35977,-0.18940,-1.23661,-89.09,0.0333,1.3729
2.4250,0.1898,0.0085,0.0006,2.8959,-1.35926,-0.18940,-1.23693,-88.81,0.0610,1.3724
2.4333,-0.0080,-0.0066,-0.0080,2.5097,-1.35817,-0.18936,-1.23757,-88.30,0.1317,1.3713
2.4417,7.8906,0.0295,0.0167,5.2918,-1.35814,-0.18901,-1.23728,-88.44,0.0419,1.3712
2.4500,4.0378,-0.0041,-0.0057,3.4546,-1.35993,-0.18895,-1.23650,-88.76,0.2150,1.3730
2.4583,1.0289,-0.0057,-0.0049,3.6028,-1.36038,-0.18893,-1.23620,-88.84,0.0537,1.3734
2.4667,7.5244,-0.0368,-0.0230,4.7815,-1.35995,-0.18858,-1.23595,-88.93,0.0668,1.3730
2.4750,1.0159,0.0030,0.0019,2.8812,-1.36072,-0.18859,-1.23582,-88.73,0.0919,1.3737
2.4833,0.7575,-0.0233,-0.0409,3.4467,-1.36052,-0.18861,-1.23603,-88.42,0.0238,1.3735
2.4917,-0.0067,-0.0070,-0.0067,2.7293,-1.36075,-0.18863,-1.23588,-88.21,0.0280,1.3738
2.5000,-0.0164,-0.0145,-0.0164,2.9241,-1.36090,-0.18864,-1.23574,-87.99,0.0170,1.3739
2.5083,4.5667,-0.0289,-0.0284,3.2581,-1.36139,-0.18853,-1.23543,-88.04,0.0615,1.3744
2.5167,3.5514,0.0077,0.0069,3.1753,-1.36198,-0.18846,-1.23504,-88.23,0.0707,1.3750
2.5250,4.0984,0.0183,0.0397,2.1371,-1.36161,-0.18832,-1.23494,-88.11,0.0479,1.3746
2.5333,1.0977,0.0026,0.0048,1.9489,-1.36215,-0.18829,-1.23485,-88.09,0.0659,1.3751
2.5417,0.7307,-0.0056,-0.0089,2.6234,-1.36207,-0.18833,-1.23490,-87.81,0.0109,1.3750
2.5500,-0.0103,-0.0128,-0.0103,2.5818,-1.36227,-0.18836,-1.23477,-87.58,0.0232,1.3752
2.5583,0.0054,0.0000,0.0054,2.0456,-1.36237,-0.18837,-1.23465,-87.37,0.0130,1.3753
2.5667,6.5268,-0.0328,-0.0220,3.2500,-1.36276,-0.18828,-1.23443,-87.38,0.0468,1.3757
2.5750,3.5903,-0.0116,-0.0123,2.3928,-1.36345,-0.18820,-1.23397,-87.66,0.0838,1.3764
2.5833,2.5897,-0.0150,-0.0045,2.0183,-1.36327,-0.18812,-1.23395,-87.47,0.0229,1.3762
2.5917,3.5519,-0.0086,-0.0117,2.4701,-1.36381,-0.18794,-1.23368,-87.54,0.0683,1.3767
2.6000,1.1179,-0.0149,-0.0079,1.6030,-1.36347,-0.18794,-1.23386,-87.27,0.0413,1.3764
2.6083,-0.0061,-0.0073,-0.0061,2.2351,-1.36361,-0.18796,-1.23376,-87.07,0.0174,1.3765
2.6167,-0.0011,-0.0028,-0.0011,1.9892,-1.36366,-0.18797,-1.23367,-86.86,0.0061,1.3766
2.6250,5.9543,0.0709,0.0656,2.4864,-1.36382,-0.18778,-1.23353,-86.84,0.0295,1.3767
2.6333,3.5805,0.0062,0.0052,2.5344,-1.36460,-0.18763,-1.23306,-87.25,0.0952,1.3774
2.6417,2.1952,-0.0035,0.0027,1.4681,-1.36453,-0.18760,-1.23304,-87.16,0.0094,1.3774
2.6500,4.0058,0.0006,-0.0022,2.9815,-1.36490,-0.18748,-1.23282,-87.20,0.0464,1.3777
2.6583,1.0626,-0.0019,0.0006,1.1668,-1.36449,-0.18749,-1.23311,-86.98,0.0487,1.3773
2.6667,0.0234,-0.0050,-0.0073,2.2564,-1.36425,-0.18750,-1.23323,-86.75,0.0288,1.3771
2.6750,0.0121,0.0116,0.0120,1.1823,-1.36413,-0.18755,-1.23323,-86.57,0.0159,1.3770
2.6833,6.3104,0.0432,0.0352,1.8084,-1.36413,-0.18755,-1.23315,-86.44,0.0005,1.3770
2.6917,3.7062,-0.0015,-0.0041,2.3187,-1.36535,-0.18736,-1.23241,-87.02,0.1476,1.3781
2.7000,2.0525,-0.0149,-0.0119,2.8299,-1.36545,-0.18735,-1.23229,-87.03,0.0123,1.3782
2.7083,4.3453,-0.0079,-0.0019,2.2306,-1.36560,-0.18719,-1.23214,-87.02,0.0264,1.3784
2.7167,1.3298,-0.0074,-0.0072,2.8806,-1.36558,-0.18720,-1.23213,-86.99,0.0023,1.3784
2.7250,0.3612,0.0152,0.0191,1.4420,-1.36514,-0.18719,-1.23242,-86.73,0.0538,1.3779
2.7333,-0.0060,-0.0054,-0.0061,1.6401,-1.36476,-0.18728,-1.23258,-86.45,0.0465,1.3775
2.7417,0.3303,0.0005,0.0040,1.0066,-1.36443,-0.18738,-1.23266,-86.15,0.0415,1.3772
2.7500,4.1139,0.0004,-0.0018,3.0594,-1.36591,-0.18714,-1.23171,-86.85,0.1800,1.3787
2.7583,3.8769,-0.0006,-0.0018,3.3581,-1.36642,-0.18711,-1.23128,-87.15,0.0609,1.3792
2.7667,5.0533,0.0253,0.0245,1.2704,-1.36620,-0.18705,-1.23132,-86.96,0.0269,1.3789
2.7750,3.7208,0.0094,0.0115,4.0726,-1.36670,-0.18706,-1.23095,-87.19,0.0602,1.3794
2.7833,0.9329,-0.0064,-0.0077,1.7220,-1.36605,-0.18712,-1.23136,-86.89,0.0778,1.3788
2.7917,0.0784,0.0157,0.0135,1.2040,-1.36555,-0.18715,-1.23162,-86.60,0.0603,1.3783
2.8000,6.5913,0.0342,0.0270,2.4545,-1.36305,-0.18720,-1.23322,-85.58,0.3002,1.3758
2.8083,4.9305,0.0197,0.0191,4.1033,-1.36542,-0.18691,-1.23159,-86.52,0.2864,1.3782
2.8167,4.2244,-0.0236,-0.0182,4.1907,-1.36669,-0.18691,-1.23064,-87.03,0.1523,1.3794
2.8250,2.2097,-0.0162,-0.0130,3.8265,-1.36696,-0.18691,-1.23043,-87.11,0.0318,1.3797
2.8333,5.6781,-0.0230,-0.0202,4.6521,-1.36701,-0.18677,-1.23029,-87.00,0.0181,1.3797
2.8417,0.7606,-0.0077,-0.0069,2.3317,-1.36717,-0.18676,-1.23019,-87.03,0.0193,1.3799
2.8500,2.7868,-0.0614,-0.0753,1.8375,-1.36612,-0.18671,-1.23098,-86.52,0.1264,1.3788
2.8583,-0.0183,-0.0106,-0.0183,1.1289,-1.36538,-0.18670,-1.23140,-86.08,0.0889,1.3781
2.8667,6.6915,0.0595,0.0628,1.9891,-1.36489,-0.18678,-1.23148,-85.72,0.0593,1.3776
2.8750,4.2182,0.0158,0.0135,3.7796,-1.36690,-0.18642,-1.23017,-86.61,0.2451,1.3796
2.8833,3.3771,0.0290,0.0256,1.8615,-1.36763,-0.18641,-1.22964,-86.92,0.0871,1.3803
2.8917,2.2218,-0.0011,-0.0045,1.4699,-1.36749,-0.18637,-1.22964,-86.80,0.0171,1.3801
2.9000,4.2953,0.0108,0.0084,3.7661,-1.36780,-0.18629,-1.22936,-86.91,0.0389,1.3804
2.9083,0.8512,-0.0007,-0.0006,1.7311,-1.36739,-0.18629,-1.22965,-86.71,0.0490,1.3800
2.9167,0.5237,-0.0053,-0.0026,2.8908,-1.36618,-0.18618,-1.23000,-86.52,0.1460,1.3788
2.9250,0.0894,-0.0104,-0.0011,1.9538,-1.36420,-0.18617,-1.23074,-86.16,0.2382,1.3768
2.9333,4.1949,0.1260,0.0625,5.2056,-1.36559,-0.18482,-1.22971,-86.61,0.2324,1.3780
2.9417,4.2284,-0.0073,-0.0210,1.5611,-1.36733,-0.18473,-1.22978,-86.76,0.2090,1.3797
2.9500,1.4646,-0.0091,-0.0084,3.7878,-1.36747,-0.18472,-1.22962,-86.88,0.0171,1.3799
2.9583,4.0615,0.0519,0.0373,3.0796,-1.36708,-0.18433,-1.22934,-86.99,0.0663,1.3794
2.9667,0.9433,-0.0050,0.0020,1.5719,-1.36718,-0.18449,-1.22993,-86.89,0.0229,1.3796
2.9750,0.4243,-0.0122,-0.0064,3.8679,-1.36643,-0.18452,-1.23038,-86.74,0.0890,1.3788
2.9833,-0.0013,-0.0016,-0.0013,3.0318,-1.36618,-0.18452,-1.23045,-86.75,0.0307,1.3786
2.9917,0.1272,-0.0058,-0.0035,3.0673,-1.36628,-0.18459,-1.23057,-86.76,0.0146,1.3787
3.0000,3.7043,-0.0004,-0.0053,1.4915,-1.36655,-0.18451,-1.23041,-86.99,0.0340,1.3790
3.0083,3.5835,-0.0058,-0.0025,1.5813,-1.36671,-0.18450,-1.23025,-87.23,0.0193,1.3791
3.0167,5.9039,-0.0084,0.0220,2.0845,-1.36652,-0.18445,-1.23017,-87.14,0.0234,1.3789
3.0250,3.2701,-0.0040,-0.0083,1.4266,-1.36661,-0.18443,-1.23001,-87.36,0.0108,1.3790
3.0333,3.7903,0.0001,0.0171,1.6841,-1.36522,-0.18448,-1.23062,-86.90,0.1670,1.3776
3.0417,0.1630,0.0027,0.0010,2.6909,-1.36444,-0.18428,-1.23140,-86.75,0.0972,1.3768
3.0500,0.0876,0.0055,-0.0027,2.3247,-1.36419,-0.18430,-1.23153,-86.74,0.0295,1.3766
3.0583,3.9404,0.0301,0.0163,0.5367,-1.36408,-0.18423,-1.23139,-87.10,0.0166,1.3765
3.0667,2.3931,0.0579,0.0028,0.2090,-1.36456,-0.18450,-1.23175,-88.07,0.0667,1.3770
3.0750,3.5949,-0.0243,-0.0262,0.3949,-1.36419,-0.18447,-1.23181,-88.28,0.0453,1.3766
3.0833,4.2019,-0.0223,-0.0296,0.8015,-1.36394,-0.18443,-1.23170,-88.48,0.0307,1.3763
3.0917,4.9067,-0.0128,0.0041,3.1492,-1.36273,-0.18476,-1.23176,-87.94,0.1500,1.3752
3.1000,3.6584,-0.0097,0.0399,2.9124,-1.36247,-0.18441,-1.23287,-87.66,0.0523,1.3749
3.1083,-0.0095,-0.0048,-0.0095,2.5161,-1.36225,-0.18432,-1.23273,-87.44,0.0284,1.3747
3.1167,6.9179,0.0480,0.0638,2.8539,-1.36200,-0.18388,-1.23300,-87.23,0.0608,1.3744
3.1250,4.3062,-0.0447,-0.0209,3.0921,-1.36376,-0.18284,-1.23231,-87.60,0.2453,1.3760
3.1333,4.0528,-0.0317,-0.0248,2.7160,-1.36481,-0.18282,-1.23167,-87.87,0.1250,1.3770
3.1417,2.2646,-0.0288,-0.0183,3.0254,-1.36465,-0.18273,-1.23171,-87.67,0.0220,1.3768
3.1500,1.4229,-0.0127,0.0034,2.3358,-1.36520,-0.18258,-1.23149,-87.69,0.0691,1.3774
3.1583,0.6405,-0.0447,-0.0455,2.2105,-1.36474,-0.18253,-1.23195,-87.35,0.0556,1.3769
3.1667,0.0291,0.0037,0.0001,2.1840,-1.36468,-0.18253,-1.23177,-87.05,0.0074,1.3768
3.1750,-0.0061,0.0023,-0.0062,2.2852,-1.36473,-0.18255,-1.23160,-86.77,0.0068,1.3769
3.1833,6.0143,-0.0199,-0.0405,4.2111,-1.36516,-0.18238,-1.23128,-86.75,0.0544,1.3773
3.1917,3.8148,0.0041,0.0026,2.8807,-1.36624,-0.18232,-1.23056,-87.15,0.1305,1.3784
3.2000,1.8014,-0.0059,-0.0064,2.0346,-1.36631,-0.18227,-1.23053,-87.10,0.0102,1.3784
3.2083,4.5558,-0.0353,-0.0224,2.6303,-1.36659,-0.18217,-1.23031,-87.04,0.0356,1.3787
3.2167,0.7436,0.0236,0.0276,1.7017,-1.36649,-0.18216,-1.23044,-86.92,0.0124,1.3786
3.2250,0.7494,-0.0045,-0.0092,1.8180,-1.36569,-0.18211,-1.23095,-86.43,0.0953,1.3778
3.2333,-0.0099,-0.0127,-0.0100,3.3708,-1.36553,-0.18210,-1.23085,-86.17,0.0197,1.3776
3.2417,7.2622,0.0373,0.0189,3.7740,-1.36531,-0.18193,-1.23063,-86.11,0.0327,1.3774
3.2500,3.9144,-0.0030,-0.0034,2.3790,-1.36692,-0.18180,-1.22997,-86.64,0.1934,1.3790
3.2583,1.7549,-0.0149,-0.0176,3.5344,-1.36731,-0.18180,-1.22973,-86.77,0.0467,1.3793
3.2667,6.3819,0.0232,0.0205,2.2800,-1.36711,-0.18166,-1.22974,-86.65,0.0295,1.3791
3.2750,1.5634,-0.0122,-0.0157,3.3934,-1.36741,-0.18168,-1.22962,-86.70,0.0366,1.3794
3.2833,0.7422,0.0117,0.0400,1.1980,-1.36673,-0.18170,-1.23003,-86.31,0.0818,1.3788
3.2917,-0.0045,-0.0054,-0.0045,1.8700,-1.36646,-0.18170,-1.22999,-86.03,0.0320,1.3785
3.3000,0.2026,-0.0006,0.0021,1.2847,-1.36608,-0.18174,-1.22998,-85.68,0.0459,1.3781
3.3083,4.5550,-0.0075,0.0008,1.9647,-1.36704,-0.18163,-1.22918,-86.14,0.1152,1.3790
3.3167,5.0768,0.0343,-0.0072,2.0084,-1.36796,-0.18136,-1.22855,-86.59,0.1153,1.3799
3.3250,2.4387,-0.0063,-0.0076,1.8838,-1.36790,-0.18128,-1.22850,-86.54,0.0119,1.3799
3.3333,4.1841,0.0144,0.0262,1.9896,-1.36796,-0.18109,-1.22793,-86.58,0.0242,1.3799
3.3417,4.3297,-0.0376,-0.0051,2.5596,-1.36684,-0.18140,-1.22794,-86.11,0.1395,1.3788
3.3500,3.4448,-0.0033,0.0395,2.1190,-1.36579,-0.18133,-1.22882,-85.68,0.1256,1.3778
3.3583,0.1955,-0.0118,-0.0195,1.0499,-1.36499,-0.18101,-1.23005,-85.36,0.1034,1.3769
3.3667,5.1424,0.0852,0.0706,2.9551,-1.36517,-0.18054,-1.22976,-85.49,0.0601,1.3771
3.3750,5.3905,0.0007,0.0106,3.8112,-1.36541,-0.18102,-1.22841,-85.58,0.0646,1.3774
3.3833,4.7152,-0.0101,0.0081,3.7021,-1.36651,-0.18097,-1.22776,-85.99,0.1323,1.3784
3.3917,3.8399,0.0157,-0.0230,3.3481,-1.36788,-0.18051,-1.22775,-86.59,0.1731,1.3797
3.4000,4.4121,0.0305,0.0434,2.8138,-1.36797,-0.18013,-1.22739,-86.51,0.0465,1.3798
3.4083,4.8988,-0.0058,0.0319,5.2186,-1.36690,-0.18057,-1.22766,-86.04,0.1382,1.3788
3.4167,4.0105,-0.0288,-0.0030,4.7315,-1.36605,-0.18058,-1.22875,-85.71,0.1021,1.3779
3.4250,-0.2196,0.0105,0.0053,3.7897,-1.36484,-0.18011,-1.23015,-85.51,0.1560,1.3767
3.4333,5.5428,-0.0213,0.0140,4.7466,-1.36399,-0.17883,-1.22949,-85.62,0.1855,1.3757
3.4417,5.9174,0.0283,0.0218,5.3538,-1.36599,-0.17598,-1.22891,-85.68,0.4182,1.3773
3.4500,4.5388,-0.0063,0.0002,2.2513,-1.36748,-0.17518,-1.22866,-86.29,0.2025,1.3787
3.4583,1.9488,-0.0349,-0.0046,4.4894,-1.36741,-0.17513,-1.22862,-86.33,0.0106,1.3786
3.4667,4.4674,0.0177,0.0125,5.1046,-1.36717,-0.17462,-1.22813,-86.52,0.0677,1.3783
3.4750,3.6393,-0.0511,-0.0134,2.5758,-1.36719,-0.17481,-1.22923,-86.27,0.0229,1.3783
3.4833,0.5803,-0.0100,-0.0079,3.5110,-1.36605,-0.17477,-1.22998,-86.01,0.1370,1.3772
3.4917,0.0008,0.0032,0.0008,2.5418,-1.36447,-0.17457,-1.22991,-85.99,0.1913,1.3756
3.5000,5.1540,0.0441,0.0599,4.3588,-1.36371,-0.17338,-1.22955,-86.00,0.1696,1.3747
3.5083,0.5795,-0.0287,-0.0204,4.9173,-1.36666,-0.17307,-1.22991,-86.15,0.3562,1.3776
3.5167,4.2357,-0.0148,-0.0087,1.1692,-1.36686,-0.17315,-1.22991,-86.38,0.0254,1.3778
3.5250,7.9315,0.0260,0.0010,3.9422,-1.36630,-0.17305,-1.22986,-86.35,0.0671,1.3772
3.5333,3.9146,-0.0022,-0.0078,1.4192,-1.36669,-0.17320,-1.22993,-86.43,0.0491,1.3776
3.5417,0.5144,0.0044,0.0023,1.8660,-1.36609,-0.17324,-1.23030,-86.32,0.0719,1.3770
3.5500,0.0113,0.0214,0.0112,1.7834,-1.36549,-0.17347,-1.23074,-86.14,0.0775,1.3765
3.5583,0.0404,-0.0019,-0.0013,2.3560,-1.36442,-0.17377,-1.23132,-85.86,0.1330,1.3754
3.5667,4.4481,-0.0045,-0.0114,1.4012,-1.36474,-0.17361,-1.23133,-86.28,0.0435,1.3757
3.5750,3.8677,0.0015,0.0114,1.6589,-1.36504,-0.17368,-1.23079,-86.65,0.0367,1.3760
3.5833,2.2570,-0.0020,0.0145,1.5330,-1.36470,-0.17371,-1.23088,-86.72,0.0404,1.3757
3.5917,4.6053,-0.0092,-0.0102,1.0141,-1.36447,-0.17368,-1.23077,-86.84,0.0286,1.3755
3.6000,5.0954,0.0243,0.0000,0.4565,-1.36405,-0.17374,-1.23083,-86.96,0.0507,1.3751
3.6083,4.0701,-0.0275,0.0046,0.7244,-1.36255,-0.17370,-1.23181,-86.67,0.1793,1.3736
3.6167,0.7263,-0.0228,-0.0212,-0.2955,-1.36198,-0.17338,-1.23290,-86.75,0.0786,1.3730
3.6250,8.1411,0.0419,0.0140,-0.4115,-1.36060,-0.17330,-1.23363,-86.44,0.1665,1.3716
3.6333,5.7202,0.0642,0.0428,4.8309,-1.36101,-0.17335,-1.23223,-86.73,0.0505,1.3720
3.6417,3.6199,-0.0405,0.0140,3.0017,-1.36306,-0.17281,-1.23176,-87.42,0.2543,1.3740
3.6500,1.5387,-0.0151,-0.0159,2.8829,-1.36394,-0.17250,-1.23174,-87.58,0.1123,1.3748
3.6583,4.0368,0.0532,0.0504,3.8368,-1.36412,-0.17229,-1.23150,-87.43,0.0335,1.3750
3.6667,3.2007,-0.0599,-0.0474,2.5799,-1.36406,-0.17225,-1.23169,-87.15,0.0090,1.3749
3.6750,0.6056,-0.0129,-0.0057,2.1249,-1.36344,-0.17237,-1.23182,-86.59,0.0754,1.3743
3.6833,0.0169,0.0103,0.0168,1.8154,-1.36312,-0.17246,-1.23180,-86.07,0.0403,1.3740
3.6917,6.9988,0.0317,0.0039,4.3554,-1.36293,-0.17230,-1.23159,-85.85,0.0300,1.3738
3.7000,4.1899,0.0135,0.0087,3.1860,-1.36525,-0.17192,-1.23059,-86.64,0.2831,1.3760
3.7083,1.3237,-0.0086,-0.0062,3.0000,-1.36586,-0.17189,-1.23035,-86.73,0.0729,1.3766
3.7167,6.9112,0.0163,0.0302,2.6691,-1.36563,-0.17160,-1.23016,-86.58,0.0441,1.3764
3.7250,1.2534,0.0024,0.0024,3.4417,-1.36620,-0.17158,-1.23008,-86.54,0.0684,1.3769
3.7333,0.4121,-0.0137,-0.0032,2.1000,-1.36564,-0.17166,-1.23043,-86.13,0.0681,1.3764
3.7417,0.0026,0.0012,0.0026,1.9125,-1.36483,-0.17187,-1.23071,-85.56,0.1008,1.3756
3.7500,7.2546,0.0549,0.0350,2.4398,-1.36401,-0.17175,-1.23140,-85.22,0.0985,1.3748
3.7583,4.5534,-0.0016,-0.0011,2.2950,-1.36562,-0.17157,-1.23041,-85.80,0.1943,1.3764
3.7667,4.0880,-0.0012,-0.0005,2.3202,-1.36664,-0.17149,-1.22992,-86.20,0.1221,1.3774
3.7750,2.0944,-0.0427,-0.0438,2.5531,-1.36652,-0.17146,-1.23004,-86.08,0.0149,1.3772
3.7833,4.2022,-0.0008,0.0032,2.6728,-1.36679,-0.17144,-1.22970,-86.13,0.0324,1.3775
3.7917,1.3050,-0.0083,-0.0076,1.7541,-1.36658,-0.17140,-1.22996,-86.03,0.0261,1.3773
3.8000,1.0957,0.0280,0.0314,1.9068,-1.36553,-0.17132,-1.23067,-85.50,0.1263,1.3762
3.8083,0.0127,0.0138,0.0126,0.9926,-1.36442,-0.17159,-1.23114,-84.89,0.1371,1.3752
3.8167,4.4016,0.0273,-0.0077,2.2985,-1.36501,-0.17138,-1.23064,-85.23,0.0755,1.3757
3.8250,3.9048,0.0451,0.0042,2.1073,-1.36652,-0.17137,-1.22958,-85.94,0.1821,1.3772
3.8333,4.2284,-0.0078,-0.0064,3.1572,-1.36680,-0.17144,-1.22921,-86.11,0.0337,1.3775
3.8417,4.3420,-0.0080,-0.0219,2.6065,-1.36646,-0.17140,-1.22940,-85.96,0.0408,1.3772
3.8500,4.2282,0.0069,0.0089,4.2437,-1.36672,-0.17149,-1.22896,-86.11,0.0331,1.3774
3.8583,4.0941,-0.0156,-0.0169,2.8719,-1.36610,-0.17156,-1.22928,-85.84,0.0749,1.3768
3.8667,2.8859,-0.0454,-0.0040,2.3278,-1.36530,-0.17129,-1.23011,-85.48,0.1010,1.3760
3.8750,0.3437,-0.0015,-0.0118,1.2271,-1.36341,-0.17126,-1.23125,-84.52,0.2264,1.3741
3.8833,5.2629,0.1139,0.0845,3.9501,-1.36508,-0.17062,-1.22935,-85.12,0.2139,1.3757
3.8917,3.1356,0.0302,0.0640,3.9523,-1.36632,-0.17049,-1.22803,-85.58,0.1500,1.3769
3.9000,0.7165,-0.0108,-0.0018,2.8570,-1.36754,-0.17004,-1.22820,-86.10,0.1557,1.3781
3.9083,6.8417,-0.0035,-0.0092,2.9110,-1.36692,-0.16983,-1.22806,-86.04,0.0779,1.3774
3.9167,6.9174,0.1123,0.0405,5.8656,-1.36698,-0.16975,-1.22804,-86.07,0.0120,1.3775
3.9250,0.8107,-0.0240,0.0154,3.9578,-1.36634,-0.16992,-1.22952,-85.71,0.0792,1.3769
3.9333,-0.0066,-0.0101,-0.0067,3.4498,-1.36546,-0.16981,-1.22947,-85.74,0.1074,1.3760
3.9417,5.9853,0.0285,0.0176,2.2246,-1.36289,-0.16967,-1.23041,-85.37,0.3083,1.3734
3.9500,4.0643,0.0338,0.0292,3.0416,-1.36538,-0.16847,-1.22965,-85.81,0.3322,1.3757
3.9583,3.8207,0.0009,-0.0033,2.0302,-1.36669,-0.16870,-1.22966,-86.03,0.1592,1.3771
3.9667,1.8419,-0.0238,-0.0142,3.6502,-1.36649,-0.16870,-1.22967,-86.10,0.0240,1.3769
3.9750,1.7292,0.0119,0.0161,4.1941,-1.36634,-0.16861,-1.22959,-86.21,0.0198,1.3767
3.9833,0.6555,-0.0172,-0.0053,4.0246,-1.36602,-0.16872,-1.23004,-86.08,0.0415,1.3764
3.9917,1.4792,0.0131,0.0423,3.3568,-1.36437,-0.16863,-1.23084,-85.76,0.1980,1.3748
4.0000,0.1471,0.0377,0.0329,1.4119,-1.36215,-0.16885,-1.23278,-85.03,0.2673,1.3726
4.0083,4.3338,-0.0009,-0.0108,1.4738,-1.36376,-0.16843,-1.23221,-85.62,0.1999,1.3741
4.0167,4.1327,-0.0027,0.0005,1.6692,-1.36457,-0.16850,-1.23125,-86.22,0.0973,1.3749
4.0250,3.4725,-0.0024,0.0003,0.8191,-1.36512,-0.16840,-1.23096,-86.69,0.0665,1.3755
4.0333,2.5915,0.0279,0.0259,0.3162,-1.36462,-0.16838,-1.23115,-86.63,0.0602,1.3750
4.0417,3.9044,0.0017,-0.0079,0.7630,-1.36457,-0.16844,-1.23084,-86.91,0.0096,1.3749
4.0500,3.5968,0.0142,0.0402,0.3109,-1.36293,-0.16869,-1.23129,-86.57,0.1989,1.3733
4.0583,3.5750,0.0428,0.0048,0.3699,-1.36176,-0.16835,-1.23271,-86.52,0.1460,1.3721
4.0667,0.1787,0.0016,0.0058,0.8995,-1.35999,-0.16835,-1.23420,-86.05,0.2124,1.3704
4.0750,6.4264,0.0764,0.0282,4.0012,-1.36073,-0.16775,-1.23345,-86.45,0.1133,1.3710
4.0833,4.9921,-0.1290,-0.1261,0.1288,-1.36199,-0.16878,-1.23278,-86.66,0.1950,1.3724
4.0917,1.3453,-0.0102,-0.0095,4.0129,-1.36354,-0.16832,-1.23249,-87.14,0.1937,1.3739
4.1000,6.2109,0.0155,0.0062,4.1865,-1.36345,-0.16813,-1.23229,-86.89,0.0253,1.3738
4.1083,0.8463,-0.0052,-0.0037,2.8459,-1.36410,-0.16810,-1.23202,-86.88,0.0776,1.3744
4.1167,0.8971,-0.0338,-0.0217,2.2225,-1.36352,-0.16806,-1.23248,-86.43,0.0688,1.3738
4.1250,0.0308,0.0071,0.0146,1.8887,-1.36354,-0.16805,-1.23229,-86.00,0.0031,1.3739
4.1333,0.1068,-0.0067,-0.0044,2.1956,-1.36316,-0.16818,-1.23233,-85.48,0.0486,1.3735
4.1417,3.9446,0.0431,0.0180,2.4672,-1.36438,-0.16777,-1.23164,-85.89,0.1550,1.3747
4.1500,3.9142,-0.0009,-0.0019,2.5966,-1.36544,-0.16774,-1.23096,-86.22,0.1267,1.3757
4.1583,2.0232,-0.0035,-0.0019,2.0652,-1.36553,-0.16769,-1.23083,-86.17,0.0129,1.3758
4.1667,4.4917,-0.0015,-0.0080,2.3226,-1.36587,-0.16756,-1.23060,-86.10,0.0426,1.3761
4.1750,0.6365,0.0191,0.0236,2.1246,-1.36579,-0.16755,-1.23065,-85.97,0.0092,1.3760
4.1833,3.9168,0.0481,0.0693,2.5434,-1.36498,-0.16744,-1.23120,-85.48,0.0976,1.3752
4.1917,-0.0057,-0.0060,-0.0058,2.0044,-1.36421,-0.16761,-1.23156,-84.96,0.0950,1.3745
4.2000,5.7270,-0.0234,0.0183,2.7580,-1.36425,-0.16754,-1.23137,-84.86,0.0105,1.3745
4.2083,4.1582,0.0013,-0.0008,2.4231,-1.36603,-0.16739,-1.23023,-85.66,0.2133,1.3762
4.2167,3.9011,-0.0003,-0.0019,2.6730,-1.36661,-0.16739,-1.22977,-85.94,0.0704,1.3768
4.2250,2.4169,-0.0141,-0.0132,1.6139,-1.36644,-0.16733,-1.22975,-85.79,0.0223,1.3766
4.2333,3.9624,0.0147,0.0133,2.7455,-1.36689,-0.16722,-1.22925,-85.94,0.0560,1.3771
4.2417,4.1458,0.0472,0.0447,3.5334,-1.36662,-0.16723,-1.22938,-85.82,0.0319,1.3768
4.2500,3.5123,-0.0769,-0.0772,1.7286,-1.36536,-0.16717,-1.23026,-85.26,0.1523,1.3756
4.2583,0.1479,0.0241,0.0361,1.1962,-1.36367,-0.16719,-1.23114,-84.50,0.2019,1.3739
4.2667,5.4930,-0.0082,-0.0048,3.7619,-1.36465,-0.16688,-1.23023,-84.99,0.1228,1.3748
4.2750,6.5352,-0.0257,-0.0509,2.6734,-1.36558,-0.16707,-1.22897,-85.32,0.1142,1.3758
4.2833,4.7919,0.0344,0.0396,3.9261,-1.36665,-0.16691,-1.22842,-85.72,0.1298,1.3768
4.2917,1.8734,-0.0257,-0.0256,2.8915,-1.36702,-0.16674,-1.22833,-85.78,0.0486,1.3772
4.3000,4.1706,0.0323,0.0501,5.1813,-1.36725,-0.16637,-1.22778,-85.77,0.0519,1.3773
4.3083,5.1985,-0.0534,-0.0483,4.1685,-1.36638,-0.16665,-1.22826,-85.44,0.1088,1.3765
4.3167,0.7939,-0.0562,-0.0621,3.9219,-1.36575,-0.16651,-1.22946,-85.31,0.0776,1.3759
4.3250,0.0681,0.0038,0.0062,3.8041,-1.36383,-0.16632,-1.23032,-85.03,0.2318,1.3739
4.3333,4.4883,-0.0104,0.0304,6.5033,-1.36335,-0.16504,-1.22989,-85.15,0.1638,1.3733
4.3417,4.2408,0.0238,0.0198,5.2274,-1.36566,-0.16364,-1.22958,-85.46,0.3244,1.3754
4.3500,3.8677,-0.0051,-0.0060,2.0281,-1.36657,-0.16376,-1.22941,-85.70,0.1098,1.3763
4.3583,2.3113,-0.0353,-0.0207,4.8131,-1.36611,-0.16369,-1.22940,-85.73,0.0554,1.3759
4.3667,1.1609,-0.0053,-0.0057,4.7808,-1.36621,-0.16348,-1.22913,-85.91,0.0271,1.3760
4.3750,1.1113,0.0006,-0.0026,4.0960,-1.36571,-0.16356,-1.22960,-85.79,0.0606,1.3755
4.3833,1.1365,0.0470,0.0175,3.1092,-1.36405,-0.16366,-1.23048,-85.47,0.1995,1.3738
4.3917,0.2097,-0.0176,-0.0161,2.4064,-1.36146,-0.16377,-1.23161,-84.99,0.3108,1.3713
4.4000,3.7874,0.0712,0.0384,3.7858,-1.36381,-0.16202,-1.23116,-85.33,0.3517,1.3734
4.4083,3.9702,-0.0021,-0.0026,1.3509,-1.36503,-0.16215,-1.23076,-85.84,0.1473,1.3746
4.4167,3.6080,-0.0132,-0.0105,1.3231,-1.36521,-0.16216,-1.23048,-86.15,0.0217,1.3748
4.4250,7.4284,-0.0254,-0.0390,2.7551,-1.36479,-0.16207,-1.23050,-86.06,0.0516,1.3744
4.4333,4.2690,0.0114,0.0138,1.6197,-1.36474,-0.16211,-1.23010,-86.29,0.0070,1.3743
4.4417,3.5238,-0.0025,0.0201,0.9921,-1.36300,-0.16235,-1.23064,-85.91,0.2114,1.3726
4.4500,5.8643,0.0120,-0.0314,-0.0223,-1.36183,-0.16210,-1.23186,-85.74,0.1432,1.3714
4.4583,0.2444,-0.0030,0.0006,-0.0851,-1.36017,-0.16192,-1.23352,-85.30,0.2007,1.3698
4.4667,5.3884,-0.0146,-0.0122,0.3026,-1.35983,-0.16138,-1.23311,-85.83,0.0769,1.3694
4.4750,8.6290,-0.2138,-0.0741,3.7996,-1.36073,-0.16131,-1.23187,-86.07,0.1083,1.3703
4.4833,0.8930,0.0251,-0.0498,3.5441,-1.36337,-0.16080,-1.23144,-86.89,0.3238,1.3728
4.4917,2.4781,-0.0285,-0.0276,3.2091,-1.36325,-0.16067,-1.23134,-86.57,0.0219,1.3727
4.5000,1.6054,0.0016,0.0175,3.2078,-1.36411,-0.16025,-1.23068,-86.56,0.1152,1.3735
4.5083,4.1453,-0.0120,-0.0164,1.9975,-1.36361,-0.16018,-1.23144,-86.12,0.0610,1.3730
4.5167,0.4854,-0.0001,0.0038,1.9558,-1.36322,-0.16014,-1.23132,-85.59,0.0468,1.3726
4.5250,-0.0057,-0.0086,-0.0058,2.4410,-1.36288,-0.16011,-1.23116,-85.25,0.0411,1.3723
4.5333,6.4677,0.0615,0.0413,6.1231,-1.36270,-0.15958,-1.23048,-85.33,0.0671,1.3720
4.5417,4.0427,0.0018,-0.0043,2.8400,-1.36525,-0.15892,-1.22999,-85.72,0.3161,1.3745
4.5500,1.8522,-0.0216,-0.0192,3.9842,-1.36555,-0.15890,-1.22987,-85.69,0.0365,1.3748
4.5583,4.2258,0.0508,0.0688,2.4839,-1.36573,-0.15859,-1.22950,-85.54,0.0432,1.3749
4.5667,0.9886,-0.0044,-0.0021,1.7730,-1.36592,-0.15856,-1.22948,-85.50,0.0231,1.3751
4.5750,0.8844,-0.0637,-0.0623,2.6537,-1.36484,-0.15854,-1.23036,-84.93,0.1293,1.3740
4.5833,0.0195,-0.0007,0.0003,1.8470,-1.36435,-0.15851,-1.23030,-84.43,0.0597,1.3735
4.5917,7.9017,0.0271,0.0045,3.4301,-1.36409,-0.15858,-1.23026,-84.18,0.0328,1.3733
4.6000,4.9495,-0.0223,-0.0041,1.6678,-1.36585,-0.15825,-1.22922,-85.01,0.2151,1.3750
4.6083,3.7608,0.0044,0.0023,2.3984,-1.36645,-0.15816,-1.22893,-85.34,0.0728,1.3756
4.6167,2.2074,-0.0201,-0.0206,2.5190,-1.36624,-0.15815,-1.22895,-85.22,0.0247,1.3754
4.6250,4.1292,0.0161,0.0119,2.4414,-1.36656,-0.15805,-1.22846,-85.32,0.0399,1.3757
4.6333,4.3410,-0.0322,-0.0128,2.5118,-1.36570,-0.15823,-1.22858,-85.00,0.1052,1.3748
4.6417,3.6782,-0.0047,0.0252,2.8629,-1.36483,-0.15811,-1.22953,-84.68,0.1062,1.3740
4.6500,0.2065,-0.0250,-0.0455,0.8862,-1.36289,-0.15795,-1.23107,-83.87,0.2334,1.3720
4.6583,4.5338,-0.0009,0.0233,4.1319,-1.36348,-0.15767,-1.22972,-84.02,0.0785,1.3726
4.6667,5.4660,-0.0071,0.0056,4.1974,-1.36447,-0.15799,-1.22840,-84.31,0.1246,1.3736
4.6750,4.9047,-0.0085,-0.0096,4.8453,-1.36561,-0.15801,-1.22772,-84.76,0.1366,1.3747
4.6833,1.7057,-0.0352,-0.0108,5.0259,-1.36663,-0.15772,-1.22768,-85.26,0.1276,1.3757
4.6917,4.6421,0.0162,0.0182,4.7291,-1.36596,-0.15725,-1.22709,-85.49,0.0983,1.3750
4.7000,5.8023,0.0028,0.0322,7.0784,-1.36485,-0.15734,-1.22749,-85.01,0.1333,1.3739
4.7083,1.8002,-0.0426,-0.1098,3.7753,-1.36531,-0.15752,-1.22952,-84.90,0.0588,1.3744
4.7167,-0.0217,-0.0353,-0.0218,4.2226,-1.36414,-0.15784,-1.23062,-84.60,0.1461,1.3732
4.7250,9.2923,0.0045,-0.0451,5.7268,-1.36263,-0.15739,-1.23074,-84.51,0.1885,1.3717
4.7333,3.6328,0.0314,0.0227,4.4736,-1.36514,-0.15628,-1.22995,-85.08,0.3292,1.3741
4.7417,3.6251,0.0075,0.0053,1.8913,-1.36587,-0.15638,-1.22974,-85.33,0.0887,1.3748
4.7500,2.1347,-0.0230,-0.0174,4.2793,-1.36530,-0.15629,-1.22973,-85.38,0.0693,1.3742
4.7583,1.2832,0.0081,0.0084,4.0843,-1.36546,-0.15610,-1.22957,-85.55,0.0292,1.3744
4.7667,1.1653,-0.0048,0.0060,3.9923,-1.36510,-0.15627,-1.23025,-85.35,0.0475,1.3740
4.7750,0.7405,-0.0203,-0.0098,4.0896,-1.36355,-0.15626,-1.23101,-85.06,0.1859,1.3725
4.7833,0.2248,0.0102,0.0069,1.0190,-1.36075,-0.15640,-1.23209,-84.55,0.3364,1.3697
4.7917,3.8626,-0.0357,-0.0081,0.5115,-1.36307,-0.15503,-1.23172,-84.93,0.3230,1.3719
4.8000,3.9245,-0.0025,-0.0047,1.4359,-1.36403,-0.15494,-1.23093,-85.63,0.1149,1.3728
4.8083,3.9530,0.0182,0.0102,0.5623,-1.36408,-0.15496,-1.23070,-86.06,0.0071,1.3729
4.8167,3.1250,0.0185,0.0285,1.5212,-1.36333,-0.15502,-1.23105,-86.08,0.0908,1.3721
4.8250,4.5839,-0.0074,-0.0072,0.8774,-1.36280,-0.15520,-1.23082,-86.28,0.0673,1.3716
4.8333,4.1460,-0.0230,0.0004,0.3751,-1.36074,-0.15571,-1.23107,-85.74,0.2540,1.3696
4.8417,3.7186,-0.0059,0.0495,4.8489,-1.35955,-0.15569,-1.23190,-85.40,0.1430,1.3684
4.8500,7.7223,0.0819,0.0222,2.1400,-1.35993,-0.15488,-1.23334,-85.33,0.1071,1.3687
4.8583,4.8251,-0.0015,0.0481,5.2578,-1.35995,-0.15412,-1.23332,-85.14,0.0916,1.3687
4.8667,0.0730,-0.1491,0.0812,1.9320,-1.36194,-0.15456,-1.23193,-85.63,0.2438,1.3707
4.8750,1.3715,-0.0233,-0.0222,3.8934,-1.36354,-0.15436,-1.23131,-86.06,0.1935,1.3722
4.8833,1.7599,-0.0326,-0.0450,3.5986,-1.36379,-0.15429,-1.23118,-85.93,0.0314,1.3725
4.8917,4.5400,0.0320,0.0066,4.2140,-1.36422,-0.15408,-1.23084,-85.80,0.0574,1.3729
4.9000,0.7302,0.0240,0.0295,2.7079,-1.36428,-0.15409,-1.23088,-85.63,0.0076,1.3730
4.9083,0.5341,-0.0124,-0.0186,2.4897,-1.36390,-0.15409,-1.23101,-85.16,0.0454,1.3726
4.9167,0.0258,0.0194,0.0258,2.5822,-1.36350,-0.15410,-1.23092,-84.62,0.0487,1.3722
4.9250,8.4658,0.0237,-0.0122,5.4038,-1.36261,-0.15424,-1.23079,-84.44,0.1076,1.3713
4.9333,3.9782,-0.0123,-0.0091,1.8265,-1.36505,-0.15376,-1.22997,-85.03,0.2986,1.3737
4.9417,3.7541,-0.0035,-0.0037,2.2086,-1.36572,-0.15373,-1.22961,-85.22,0.0800,1.3743
4.9500,2.5666,-0.0160,-0.0294,2.4692,-1.36550,-0.15368,-1.22956,-84.99,0.0269,1.3741
4.9583,3.7619,0.0268,0.0204,2.1216,-1.36609,-0.15347,-1.22905,-85.11,0.0746,1.3747
4.9667,1.4985,0.0074,0.0113,3.5630,-1.36565,-0.15352,-1.22935,-84.86,0.0534,1.3742
4.9750,0.7460,0.0245,0.0133,2.1920,-1.36448,-0.15346,-1.23018,-84.29,0.1399,1.3731
4.9833,0.0979,-0.0088,-0.0063,1.7617,-1.36344,-0.15369,-1.23047,-83.62,0.1278,1.3721
4.9917,5.4011,0.0178,0.0221,2.3653,-1.36460,-0.15342,-1.22950,-84.20,0.1426,1.3732
5.0000,4.0193,0.0302,-0.0225,2.5452,-1.36529,-0.15382,-1.22789,-84.60,0.0963,1.3739
5.0083,5.4721,0.0377,-0.0076,4.5576,-1.36620,-0.15331,-1.22830,-85.13,0.1258,1.3748
5.0167,5.9094,0.0303,0.0004,2.5541,-1.36581,-0.15328,-1.22829,-84.95,0.0470,1.3744
5.0250,4.2932,0.0553,0.0148,4.6481,-1.36632,-0.15328,-1.22769,-85.10,0.0607,1.3749
5.0333,4.0747,-0.0069,0.0215,3.0925,-1.36463,-0.15360,-1.22786,-84.21,0.2060,1.3732
5.0417,3.8245,-0.0121,-0.0060,4.1816,-1.36423,-0.15315,-1.22923,-84.08,0.0723,1.3728
5.0500,0.0845,0.0022,0.0121,4.3775,-1.36277,-0.15305,-1.23032,-83.83,0.1760,1.3713
5.0583,6.3423,-0.0052,0.0178,8.2188,-1.36289,-0.15181,-1.22923,-83.97,0.1498,1.3713
5.0667,5.9686,0.0174,-0.0116,6.8731,-1.36420,-0.14983,-1.22848,-84.13,0.2846,1.3724
5.0750,3.3940,0.0192,-0.0148,3.7090,-1.36603,-0.14901,-1.22843,-84.76,0.2407,1.3741
5.0833,2.2410,-0.0158,-0.0087,4.8978,-1.36542,-0.14892,-1.22840,-84.83,0.0736,1.3735
5.0917,3.9247,0.0267,0.0138,4.8280,-1.36515,-0.14847,-1.22770,-85.16,0.0629,1.3732
5.1000,1.7825,-0.0402,0.0053,5.0358,-1.36520,-0.14866,-1.22939,-84.80,0.0235,1.3733
5.1083,0.3500,-0.0337,-0.0204,4.0753,-1.36439,-0.14891,-1.22979,-84.66,0.1014,1.3725
5.1167,0.0543,0.0404,0.0252,2.4626,-1.36242,-0.14867,-1.23010,-84.54,0.2380,1.3705
5.1250,4.1847,0.0350,0.1145,3.0531,-1.36215,-0.14727,-1.22996,-84.65,0.1711,1.3701
5.1333,1.4683,-0.1426,-0.0332,0.9572,-1.36455,-0.14668,-1.23042,-84.73,0.2962,1.3724
5.1417,3.5722,-0.0124,-0.0125,0.8892,-1.36477,-0.14669,-1.23014,-84.98,0.0271,1.3726
5.1500,5.7898,-0.0012,-0.0089,3.6746,-1.36414,-0.14664,-1.23018,-84.95,0.0763,1.3720
5.1583,3.6577,0.0148,0.0099,1.7509,-1.36454,-0.14666,-1.22993,-85.20,0.0479,1.3724
5.1667,3.8200,-0.0174,0.0140,1.8374,-1.36323,-0.14689,-1.23022,-84.88,0.1593,1.3711
5.1750,3.3311,0.0164,0.0408,1.5637,-1.36208,-0.14673,-1.23131,-84.65,0.1397,1.3700
5.1833,0.2438,0.0463,0.0506,1.3356,-1.36006,-0.14666,-1.23301,-84.11,0.2419,1.3679
5.1917,5.1700,0.0674,0.0353,0.3217,-1.36032,-0.14613,-1.23268,-84.82,0.0709,1.3681
5.2000,5.2456,0.0385,0.0405,0.2269,-1.35944,-0.14660,-1.23153,-84.96,0.1202,1.3673
5.2083,4.1488,0.0441,0.0863,3.5638,-1.36035,-0.14640,-1.23082,-85.25,0.1118,1.3682
5.2167,1.6129,-0.0157,-0.0228,3.2614,-1.36252,-0.14563,-1.23101,-85.85,0.2761,1.3703
5.2250,4.6283,0.0390,0.0445,3.9813,-1.36264,-0.14534,-1.23055,-85.83,0.0369,1.3704
5.2333,4.7087,-0.0408,-0.0123,2.1825,-1.36276,-0.14546,-1.23072,-85.24,0.0198,1.3705
5.2417,0.6032,-0.0338,-0.0258,2.9545,-1.36229,-0.14537,-1.23126,-84.78,0.0575,1.3700
5.2500,-0.0083,-0.0177,-0.0084,3.8985,-1.36156,-0.14527,-1.23105,-84.42,0.0884,1.3693
5.2583,5.7534,-0.0251,-0.0199,4.9150,-1.36029,-0.14427,-1.23132,-84.52,0.1936,1.3679
5.2667,6.2708,0.0379,-0.0162,0.4927,-1.36342,-0.14316,-1.23042,-84.50,0.3979,1.3709
5.2750,3.6879,0.0051,0.0037,2.5849,-1.36458,-0.14311,-1.22987,-84.76,0.1396,1.3721
5.2833,2.1500,-0.0159,-0.0106,2.4527,-1.36460,-0.14304,-1.22979,-84.57,0.0076,1.3721
5.2917,3.9540,0.0278,0.0193,3.0484,-1.36501,-0.14292,-1.22950,-84.59,0.0523,1.3725
5.3000,1.3481,-0.0048,-0.0040,3.7103,-1.36483,-0.14294,-1.22961,-84.40,0.0218,1.3723
5.3083,1.0311,-0.0432,-0.0357,2.0363,-1.36369,-0.14298,-1.23026,-83.78,0.1373,1.3712
5.3167,0.1121,0.0135,0.0201,2.1029,-1.36204,-0.14320,-1.23064,-83.02,0.2003,1.3695
5.3250,5.0691,-0.0051,-0.0066,2.6633,-1.36355,-0.14271,-1.23013,-83.50,0.1917,1.3710
5.3333,4.9037,0.0204,-0.0130,1.8772,-1.36501,-0.14282,-1.22905,-84.15,0.1751,1.3725
5.3417,3.8312,-0.0012,-0.0037,2.9906,-1.36551,-0.14283,-1.22872,-84.44,0.0607,1.3730
5.3500,2.3583,0.0046,0.0060,1.6795,-1.36523,-0.14281,-1.22874,-84.30,0.0347,1.3727
5.3583,4.4760,-0.0030,-0.0039,4.2415,-1.36553,-0.14276,-1.22828,-84.46,0.0377,1.3730
5.3667,4.0506,-0.0175,0.0278,2.3719,-1.36417,-0.14307,-1.22837,-83.93,0.1680,1.3717
5.3750,3.7762,-0.0194,0.0008,5.0497,-1.36343,-0.14297,-1.22906,-83.55,0.0897,1.3709
5.3833,0.1542,-0.0031,-0.0019,2.1274,-1.36269,-0.14255,-1.23034,-83.13,0.1019,1.3701
5.3917,4.8644,0.0080,-0.0012,7.2532,-1.36273,-0.14138,-1.22979,-83.26,0.1411,1.3700
5.4000,5.9168,-0.0098,-0.0177,5.7737,-1.36345,-0.13985,-1.22864,-83.33,0.2029,1.3706
5.4083,5.3932,-0.0592,-0.0661,1.8362,-1.36431,-0.14071,-1.22907,-83.90,0.1458,1.3715
5.4167,2.2374,-0.0396,-0.0396,3.8333,-1.36511,-0.14038,-1.22921,-84.23,0.1038,1.3723
5.4250,3.9949,0.0331,0.0210,4.1845,-1.36485,-0.14009,-1.22888,-84.41,0.0473,1.3720
5.4333,1.0265,-0.0123,-0.0081,5.1448,-1.36467,-0.14022,-1.22924,-84.37,0.0272,1.3719
5.4417,1.9396,-0.0977,-0.0490,3.7973,-1.36291,-0.14040,-1.23029,-84.01,0.2122,1.3701
5.4500,0.1213,-0.0288,-0.0024,3.2236,-1.36036,-0.14045,-1.23116,-83.65,0.3055,1.3676
5.4583,3.8709,0.0677,0.0065,2.3765,-1.36128,-0.13890,-1.23089,-83.93,0.2164,1.3683
5.4667,4.7136,-0.0568,-0.0748,0.3784,-1.36339,-0.13878,-1.23099,-84.22,0.2534,1.3704
5.4750,3.6140,0.0021,-0.0080,1.7763,-1.36382,-0.13876,-1.23057,-84.65,0.0521,1.3709
5.4833,2.8846,-0.0108,-0.0123,2.5358,-1.36343,-0.13878,-1.23067,-84.65,0.0473,1.3705
5.4917,4.4365,0.0176,0.0174,2.3162,-1.36356,-0.13871,-1.23030,-84.87,0.0178,1.3706
5.5000,4.6644,-0.0257,-0.0051,0.7317,-1.36243,-0.13891,-1.23046,-84.73,0.1373,1.3695
5.5083,3.6833,-0.0271,-0.0000,0.6792,-1.36082,-0.13891,-1.23144,-84.41,0.1938,1.3679
5.5167,0.2814,0.0397,0.0446,0.6302,-1.35956,-0.13865,-1.23292,-84.07,0.1538,1.3666
5.5250,5.9848,-0.0360,0.0063,0.7701,-1.35807,-0.13851,-1.23360,-84.12,0.1796,1.3651
5.5333,8.7201,0.0615,-0.0196,6.1277,-1.35896,-0.13888,-1.23170,-84.47,0.1159,1.3660
5.5417,4.4200,0.0942,0.0830,4.2269,-1.36057,-0.13823,-1.23126,-84.91,0.2084,1.3676
5.5500,1.9679,-0.0243,-0.0299,4.8474,-1.36224,-0.13772,-1.23111,-85.33,0.2090,1.3692
5.5583,7.2043,-0.0212,-0.0395,5.3630,-1.36248,-0.13751,-1.23076,-85.03,0.0384,1.3694
5.5667,2.7123,0.0277,0.0166,4.2558,-1.36303,-0.13741,-1.23041,-84.97,0.0677,1.3699
5.5750,0.8363,-0.0118,-0.0105,2.2802,-1.36230,-0.13731,-1.23107,-84.37,0.0883,1.3692
5.5833,0.1275,-0.0088,-0.0028,2.6810,-1.36151,-0.13719,-1.23080,-83.97,0.0960,1.3684
5.5917,9.0034,0.0344,-0.0073,3.9352,-1.35933,-0.13690,-1.23151,-83.58,0.2646,1.3662
5.6000,5.3110,0.0476,0.0764,4.7921,-1.36244,-0.13542,-1.23014,-83.86,0.4141,1.3692
5.6083,3.9633,-0.0050,-0.0064,2.4737,-1.36410,-0.13532,-1.22982,-84.19,0.1998,1.3708
5.6167,2.4980,-0.0113,-0.0110,4.0672,-1.36435,-0.13530,-1.22967,-84.16,0.0293,1.3710
5.6250,4.8306,0.0129,0.0129,4.1203,-1.36454,-0.13502,-1.22920,-84.01,0.0415,1.3712
5.6333,1.6445,-0.0077,-0.0074,3.6312,-1.36474,-0.13501,-1.22908,-84.02,0.0233,1.3714
5.6417,1.1760,-0.0083,0.0116,2.5093,-1.36374,-0.13503,-1.22989,-83.52,0.1199,1.3704
5.6500,0.1890,0.0091,0.0093,1.1700,-1.36261,-0.13513,-1.23034,-82.80,0.1364,1.3693
5.6583,9.3587,0.0035,-0.0114,4.7691,-1.36217,-0.13515,-1.23020,-82.48,0.0525,1.3689
5.6667,7.6032,0.0192,-0.0256,3.2607,-1.36354,-0.13515,-1.22889,-83.11,0.1640,1.3702
5.6750,6.8202,-0.2033,-0.0683,2.1001,-1.36410,-0.13534,-1.22825,-83.51,0.0718,1.3708
5.6833,4.1793,-0.0040,-0.0041,4.0161,-1.36495,-0.13487,-1.22825,-84.06,0.1161,1.3716
5.6917,6.8914,-0.0457,-0.0443,4.1810,-1.36480,-0.13480,-1.22788,-83.92,0.0199,1.3714
5.7000,6.2948,0.0105,-0.0245,3.2918,-1.36476,-0.13498,-1.22720,-83.77,0.0217,1.3714
5.7083,4.1720,0.0088,0.0227,5.8115,-1.36326,-0.13537,-1.22807,-83.06,0.1863,1.3700
5.7167,0.9058,-0.0301,-0.0565,5.3883,-1.36317,-0.13493,-1.22959,-83.15,0.0533,1.3698
5.7250,8.0818,0.0154,-0.0235,3.2561,-1.36027,-0.13479,-1.23058,-82.72,0.3487,1.3669
5.7333,6.0858,0.0009,0.0190,7.0530,-1.36140,-0.13199,-1.22907,-83.04,0.3631,1.3678
5.7417,4.9353,0.0092,0.0102,3.2628,-1.36379,-0.12860,-1.22908,-83.43,0.4980,1.3698
5.7500,1.4080,-0.0307,-0.0059,5.4017,-1.36428,-0.12838,-1.22907,-83.70,0.0636,1.3703
5.7583,4.4319,0.0090,0.0115,3.9632,-1.36336,-0.12822,-1.22893,-83.74,0.1122,1.3694
5.7667,1.6358,-0.0237,-0.0132,5.1551,-1.36379,-0.12809,-1.22880,-83.94,0.0537,1.3698
5.7750,0.3602,-0.0562,-0.0442,3.2981,-1.36307,-0.12836,-1.22998,-83.58,0.0918,1.3691
5.7833,0.3415,0.0016,-0.0028,4.4027,-1.36139,-0.12819,-1.23022,-83.50,0.2026,1.3674
5.7917,8.7052,0.0796,-0.0232,2.4612,-1.35803,-0.12807,-1.23136,-82.99,0.4040,1.3641
5.8000,4.3362,0.0212,0.0141,3.3947,-1.36100,-0.12574,-1.23050,-83.51,0.4530,1.3668
5.8083,3.9911,-0.0513,-0.0894,0.7583,-1.36231,-0.12579,-1.23079,-83.94,0.1581,1.3681
5.8167,3.9718,0.0002,-0.0125,2.2626,-1.36254,-0.12580,-1.23043,-84.25,0.0276,1.3683
5.8250,7.5785,-0.0550,-0.0549,2.9188,-1.36207,-0.12573,-1.23040,-84.13,0.0569,1.3679
5.8333,4.1394,-0.0050,0.0156,0.2822,-1.36195,-0.12577,-1.23020,-84.49,0.0156,1.3677
5.8417,3.7404,-0.0375,0.0056,0.4759,-1.35956,-0.12628,-1.23087,-83.94,0.2929,1.3654
5.8500,3.6888,0.0045,0.0008,0.5542,-1.35801,-0.12616,-1.23219,-83.81,0.1871,1.3639
5.8583,0.5509,-0.0076,0.0132,2.7725,-1.35658,-0.12562,-1.23453,-83.47,0.1832,1.3624
5.8667,4.4308,0.0269,0.0521,4.2520,-1.35803,-0.12484,-1.23335,-83.84,0.1976,1.3638
5.8750,5.6527,-0.0390,-0.0477,2.8591,-1.36006,-0.12454,-1.23233,-84.35,0.2462,1.3657
5.8833,2.5481,-0.0152,-0.0181,3.9524,-1.36115,-0.12446,-1.23179,-84.51,0.1312,1.3668
5.8917,2.1200,-0.0196,-0.0158,3.2189,-1.36133,-0.12434,-1.23157,-84.23,0.0266,1.3670
5.9000,3.2386,0.0017,-0.0034,4.5061,-1.36192,-0.12407,-1.23114,-84.19,0.0775,1.3676
5.9083,0.8657,0.0128,0.0193,2.9773,-1.36185,-0.12405,-1.23122,-83.91,0.0086,1.3675
5.9167,0.8240,-0.0025,0.0000,1.7708,-1.36143,-0.12405,-1.23112,-83.27,0.0503,1.3671
5.9250,-0.0152,-0.0210,-0.0153,3.4236,-1.36067,-0.12395,-1.23092,-82.94,0.0916,1.3663
5.9333,5.9773,0.0646,-0.0172,4.7894,-1.35994,-0.12286,-1.23013,-83.17,0.1576,1.3655
5.9417,4.9390,-0.0265,-0.0331,2.3903,-1.36299,-0.12173,-1.22949,-83.23,0.3901,1.3684
5.9500,3.7195,-0.0014,-0.0020,2.3680,-1.36361,-0.12171,-1.22916,-83.41,0.0754,1.3690
5.9583,2.5329,-0.0046,-0.0161,1.8549,-1.36337,-0.12165,-1.22909,-83.15,0.0298,1.3688
5.9667,3.9216,0.0070,0.0083,3.2005,-1.36392,-0.12145,-1.22860,-83.31,0.0694,1.3693
5.9750,3.9706,-0.0443,-0.0162,1.8512,-1.36319,-0.12153,-1.22901,-83.01,0.0872,1.3686
5.9833,0.6956,-0.0192,-0.0227,2.2986,-1.36243,-0.12147,-1.22959,-82.61,0.0919,1.3678
5.9917,-0.0031,-0.0064,-0.0031,1.2447,-1.36163,-0.12154,-1.22960,-81.99,0.0962,1.3670
6.0000,6.1457,-0.0157,-0.0304,3.1781,-1.36120,-0.12138,-1.22880,-81.86,0.0558,1.3666
6.0083,5.2433,-0.0129,-0.0133,3.0770,-1.36125,-0.12186,-1.22765,-81.95,0.0579,1.3667
6.0167,4.8065,-0.0084,0.0014,4.4900,-1.36213,-0.12180,-1.22707,-82.34,0.1059,1.3676
6.0250,5.1883,-0.0086,-0.0100,4.2742,-1.36400,-0.12106,-1.22714,-83.13,0.2403,1.3694
6.0333,6.6252,0.0998,0.0316,6.2708,-1.36318,-0.12053,-1.22637,-83.31,0.1167,1.3685
6.0417,6.2032,0.0054,0.0247,6.2024,-1.36093,-0.12030,-1.22626,-82.66,0.2709,1.3662
6.0500,4.6229,0.0186,0.0096,5.7141,-1.35967,-0.12065,-1.22739,-82.27,0.1579,1.3650
6.0583,5.1341,-0.0188,0.0312,7.1041,-1.36118,-0.12002,-1.22949,-82.52,0.1970,1.3665
6.0667,5.0221,0.0135,0.0300,2.8002,-1.35948,-0.12033,-1.23074,-82.18,0.2075,1.3648
6.0750,4.7092,0.0283,0.0162,5.3644,-1.36168,-0.11936,-1.22977,-82.82,0.2887,1.3669
6.0833,3.8140,-0.0474,-0.0495,1.1014,-1.36301,-0.11944,-1.22974,-83.18,0.1597,1.3682
6.0917,1.8446,-0.0030,-0.0009,4.7133,-1.36306,-0.11942,-1.22955,-83.38,0.0069,1.3683
6.1000,6.3019,0.0095,-0.0069,2.9343,-1.36239,-0.11912,-1.22929,-83.51,0.0892,1.3676
6.1083,1.2816,0.0006,0.0030,4.0616,-1.36267,-0.11914,-1.22951,-83.58,0.0337,1.3679
6.1167,0.6840,0.0071,0.0037,3.4885,-1.36146,-0.11933,-1.23059,-83.23,0.1466,1.3667
6.1250,0.1825,-0.0240,-0.0143,2.4060,-1.35955,-0.11951,-1.23145,-82.87,0.2304,1.3648
6.1333,8.5700,0.0745,-0.0138,1.2861,-1.35792,-0.11911,-1.23182,-82.76,0.2014,1.3631
6.1417,3.9506,-0.0107,-0.0037,1.3573,-1.36050,-0.11779,-1.23132,-83.34,0.3487,1.3656
6.1500,2.2378,0.1362,-0.0015,1.0430,-1.36059,-0.11777,-1.23085,-83.87,0.0102,1.3657
6.1583,4.0801,0.0302,0.0213,0.6930,-1.36047,-0.11769,-1.23059,-84.27,0.0171,1.3656
6.1667,7.2054,-0.0096,-0.0101,0.9508,-1.35945,-0.11779,-1.23093,-84.28,0.1225,1.3645
6.1750,5.4420,0.0055,0.0324,4.3112,-1.35901,-0.11807,-1.23067,-84.23,0.0634,1.3641
6.1833,3.7042,-0.0137,0.0376,3.9257,-1.35843,-0.11825,-1.23123,-83.60,0.0730,1.3636
6.1917,0.6657,-0.0185,-0.0215,2.6677,-1.35852,-0.11793,-1.23163,-83.30,0.0403,1.3636
6.2000,0.5263,0.0121,0.0078,2.6916,-1.35738,-0.11777,-1.23130,-82.99,0.1384,1.3625
6.2083,5.4877,0.0252,0.0356,4.5307,-1.35794,-0.11532,-1.23112,-82.86,0.3009,1.3628
6.2167,5.0860,-0.0233,-0.0323,2.9580,-1.36073,-0.11263,-1.23096,-83.38,0.4651,1.3654
6.2250,1.9800,-0.0201,-0.0181,4.5063,-1.36143,-0.11260,-1.23069,-83.40,0.0837,1.3661
6.2333,7.2150,-0.0154,-0.0145,4.0445,-1.36149,-0.11240,-1.23039,-83.08,0.0248,1.3661
6.2417,1.8780,-0.0189,-0.0242,3.8129,-1.36207,-0.11230,-1.22997,-83.16,0.0713,1.3667
6.2500,1.3734,-0.0100,-0.0057,3.7553,-1.36158,-0.11239,-1.23032,-82.76,0.0608,1.3662
6.2583,0.2065,0.0027,0.0048,1.4973,-1.36090,-0.11246,-1.23047,-82.10,0.0812,1.3655
6.2667,0.1177,-0.0072,-0.0031,3.2706,-1.36032,-0.11249,-1.23037,-81.81,0.0697,1.3650
6.2750,4.6801,0.0301,0.0644,2.6899,-1.36176,-0.11186,-1.22951,-82.13,0.1881,1.3663
6.2833,3.7449,-0.0048,-0.0117,2.1350,-1.36266,-0.11175,-1.22896,-82.68,0.1093,1.3672
6.2917,4.2087,-0.0093,-0.0060,2.7606,-1.36286,-0.11176,-1.22877,-82.81,0.0240,1.3674
6.3000,7.2149,0.0330,0.0200,1.9199,-1.36258,-0.11163,-1.22866,-82.63,0.0369,1.3671
6.3083,4.2008,-0.0139,-0.0064,3.4358,-1.36275,-0.11174,-1.22832,-82.75,0.0236,1.3673
6.3167,3.6226,-0.0102,0.0192,2.4387,-1.36132,-0.11209,-1.22863,-82.19,0.1758,1.3659
6.3250,5.1320,0.0338,-0.0287,3.3686,-1.36086,-0.11174,-1.22969,-82.01,0.0700,1.3654
6.3333,0.4414,-0.0340,-0.0159,2.0997,-1.35888,-0.11173,-1.23104,-80.99,0.2379,1.3635
6.3417,6.8454,0.0665,0.0135,8.3971,-1.35990,-0.11042,-1.22916,-81.47,0.2003,1.3644
6.3500,-0.4413,-0.2754,0.0162,1.7269,-1.36042,-0.11086,-1.22808,-81.51,0.0814,1.3649
6.3583,3.1955,-0.0130,-0.0213,1.1598,-1.36277,-0.10983,-1.22865,-82.68,0.3074,1.3672
6.3667,2.2296,-0.0129,0.0000,3.3254,-1.36209,-0.10977,-1.22864,-82.75,0.0817,1.3665
6.3750,4.8952,0.0081,0.0167,5.7389,-1.36167,-0.10911,-1.22784,-83.07,0.0930,1.3660
6.3833,2.3545,-0.0117,0.0118,4.5975,-1.36183,-0.10945,-1.22954,-82.75,0.0447,1.3662
6.3917,1.0241,-0.0241,-0.0138,4.7503,-1.36077,-0.10969,-1.22975,-82.66,0.1301,1.3652
6.4000,0.0269,-0.0105,-0.0021,2.4128,-1.35809,-0.10967,-1.23035,-82.40,0.3209,1.3625
6.4083,5.9099,0.1336,0.0454,4.5319,-1.35749,-0.10850,-1.22986,-82.53,0.1577,1.3618
6.4167,0.4727,-0.1746,-0.0225,1.0765,-1.36063,-0.10655,-1.23060,-82.57,0.4438,1.3648
6.4250,3.5076,-0.0051,-0.0051,1.2410,-1.36083,-0.10659,-1.23038,-83.07,0.0242,1.3650
6.4333,2.5556,-0.0065,-0.0124,2.4645,-1.36036,-0.10666,-1.23050,-83.11,0.0566,1.3645
6.4417,4.4817,-0.0105,-0.0042,0.8907,-1.36026,-0.10661,-1.23019,-83.31,0.0134,1.3644
6.4500,4.6677,-0.0374,-0.0144,0.2617,-1.35851,-0.10708,-1.23039,-83.03,0.2174,1.3627
6.4583,4.0943,0.0017,0.0050,0.4321,-1.35639,-0.10729,-1.23125,-82.55,0.2552,1.3606
6.4667,2.5121,0.0332,0.0432,4.5088,-1.35553,-0.10674,-1.23309,-82.74,0.1227,1.3597
6.4750,8.8041,-0.0776,-0.0834,7.5435,-1.35501,-0.10557,-1.23353,-82.37,0.1543,1.3591
6.4833,5.8031,0.0039,0.0165,4.1627,-1.35644,-0.10364,-1.23195,-82.39,0.2873,1.3604
6.4917,4.7381,0.0186,0.0297,3.5609,-1.35849,-0.10335,-1.23108,-82.94,0.2493,1.3624
6.5000,3.3630,-0.0060,-0.0083,4.9382,-1.35970,-0.10307,-1.23087,-83.20,0.1488,1.3636
6.5083,6.9039,-0.0048,-0.0092,3.8223,-1.35974,-0.10281,-1.23053,-82.86,0.0316,1.3636
6.5167,2.8197,-0.0126,-0.0157,4.7587,-1.36050,-0.10264,-1.23004,-82.85,0.0939,1.3644
6.5250,1.6176,0.0396,0.0322,2.3434,-1.36000,-0.10262,-1.23043,-82.35,0.0600,1.3639
6.5333,0.1438,-0.0022,-0.0011,2.2794,-1.35937,-0.10255,-1.23020,-81.95,0.0764,1.3632
6.5417,0.2127,-0.0164,-0.0151,3.2820,-1.35791,-0.10249,-1.23007,-81.79,0.1753,1.3618
6.5500,10.6998,-0.0791,-0.0700,7.0347,-1.35698,-0.10208,-1.22920,-81.33,0.1221,1.3608
6.5583,6.6883,0.0961,0.0071,2.3297,-1.36071,-0.10089,-1.22802,-81.80,0.4699,1.3644
6.5667,2.0943,-0.0012,-0.0021,3.7656,-1.36165,-0.10070,-1.22890,-82.18,0.1144,1.3654
6.5750,7.5061,-0.0304,-0.0251,3.6553,-1.36158,-0.10046,-1.22853,-81.94,0.0299,1.3653
6.5833,3.5225,0.0417,0.0370,3.1924,-1.36195,-0.10039,-1.22818,-82.07,0.0451,1.3656
6.5917,3.6721,0.0025,0.0336,3.0491,-1.36053,-0.10053,-1.22863,-81.47,0.1716,1.3642
6.6000,-0.3107,-0.0255,-0.0219,1.7931,-1.35989,-0.10025,-1.22938,-81.17,0.0832,1.3636
6.6083,0.3551,-0.0035,0.0040,0.6906,-1.35830,-0.10029,-1.23023,-80.30,0.1911,1.3620
6.6167,8.2613,0.0109,-0.0292,4.6925,-1.35866,-0.10034,-1.22825,-80.41,0.0436,1.3624
6.6250,2.8766,-0.1799,0.0768,2.3672,-1.35878,-0.10098,-1.22849,-80.61,0.0781,1.3625
6.6333,5.0006,-0.0056,-0.0029,6.0290,-1.36035,-0.10087,-1.22720,-81.22,0.1884,1.3641
6.6417,4.5567,-0.0112,-0.0205,4.5957,-1.36198,-0.10019,-1.22723,-81.99,0.2128,1.3657
6.6500,7.6892,-0.0546,-0.0659,6.3750,-1.36137,-0.09992,-1.22706,-82.08,0.0805,1.3650
6.6583,5.6587,0.0004,0.0045,5.2886,-1.35937,-0.10017,-1.22662,-81.68,0.2416,1.3631
6.6667,4.1738,0.0091,0.0492,6.0135,-1.35814,-0.10111,-1.22759,-81.35,0.1861,1.3619
6.6750,-0.0014,-0.0111,-0.0014,5.5081,-1.35957,-0.10142,-1.23005,-81.60,0.1756,1.3633
6.6833,0.1336,-0.0109,-0.0068,4.0660,-1.35831,-0.10141,-1.23008,-81.63,0.1514,1.3621
6.6917,6.4254,-0.0414,-0.0191,5.0297,-1.35852,-0.09977,-1.22928,-81.84,0.1988,1.3622
6.7000,1.3646,-0.0040,-0.0019,4.7055,-1.36088,-0.09879,-1.22979,-82.13,0.3066,1.3645
6.7083,2.0581,-0.0051,-0.0008,4.3444,-1.36068,-0.09883,-1.22987,-82.25,0.0238,1.3643
6.7167,3.9596,0.0694,0.0323,1.4290,-1.35999,-0.09838,-1.22939,-82.47,0.0983,1.3635
6.7250,0.6837,-0.0029,-0.0007,3.7866,-1.36046,-0.09855,-1.22990,-82.39,0.0597,1.3640
6.7333,0.7546,-0.0591,-0.0379,4.0973,-1.35919,-0.09870,-1.23074,-82.10,0.1530,1.3628
6.7417,0.1236,-0.0040,-0.0116,3.3645,-1.35737,-0.09876,-1.23131,-81.85,0.2193,1.3610
6.7500,9.4362,0.0141,-0.0113,4.5279,-1.35606,-0.09877,-1.23202,-81.52,0.1566,1.3597
6.7583,4.3992,-0.0214,-0.0096,1.4524,-1.35789,-0.09796,-1.23167,-82.43,0.2403,1.3614
6.7667,5.5575,-0.0357,0.0200,1.9871,-1.35714,-0.09800,-1.23140,-82.57,0.0906,1.3607
6.7750,4.1473,0.0316,0.0657,-0.5552,-1.35681,-0.09781,-1.23088,-83.08,0.0456,1.3603
6.7833,2.3908,-0.0097,-0.0115,3.3890,-1.35749,-0.09719,-1.23090,-83.28,0.1103,1.3610
6.7917,8.6763,0.1520,0.0583,3.7659,-1.35804,-0.09681,-1.22998,-83.00,0.0812,1.3615
6.8000,4.6225,-0.0232,-0.0054,2.3258,-1.35689,-0.09725,-1.23039,-82.13,0.1489,1.3604
6.8083,0.5625,-0.0413,-0.0379,3.7272,-1.35689,-0.09692,-1.23106,-81.86,0.0403,1.3603
6.8167,0.1056,-0.0111,-0.0038,2.5099,-1.35480,-0.09665,-1.23074,-81.78,0.2534,1.3582
6.8250,6.7678,-0.0001,0.0374,6.4609,-1.35303,-0.09402,-1.23034,-81.40,0.3801,1.3563
6.8333,5.6633,0.0184,0.0093,5.3966,-1.35424,-0.09077,-1.22901,-81.28,0.4168,1.3573
6.8417,4.6999,-0.0182,0.0976,1.9634,-1.35933,-0.08751,-1.22947,-81.73,0.7242,1.3621
6.8500,2.1833,-0.0147,-0.0134,2.4691,-1.35939,-0.08743,-1.22948,-81.59,0.0125,1.3622
6.8583,4.6194,0.0116,0.0074,4.3526,-1.35982,-0.08720,-1.22908,-81.47,0.0587,1.3626
6.8667,4.9623,0.0480,0.0261,1.5281,-1.35972,-0.08722,-1.22918,-81.32,0.0119,1.3625
6.8750,0.5639,-0.0112,-0.0071,1.4657,-1.35901,-0.08730,-1.22946,-80.84,0.0858,1.3618
6.8833,-0.0001,-0.0020,-0.0002,3.3461,-1.35846,-0.08731,-1.22935,-80.37,0.0670,1.3613
6.8917,6.3499,0.0073,0.0194,4.3193,-1.35755,-0.08759,-1.22939,-80.08,0.1137,1.3604
6.9000,3.4026,-0.0583,-0.0108,2.2303,-1.35911,-0.08698,-1.22865,-80.68,0.2016,1.3619
6.9083,4.4262,0.0237,0.0609,3.4047,-1.35985,-0.08672,-1.22815,-81.04,0.0937,1.3626
6.9167,2.8781,-0.0334,-0.0326,4.6307,-1.36020,-0.08657,-1.22812,-81.25,0.0455,1.3630
6.9250,5.1178,-0.0193,-0.0188,4.6719,-1.36023,-0.08645,-1.22760,-81.17,0.0151,1.3630
6.9333,4.7075,-0.0206,0.0161,4.4369,-1.35923,-0.08689,-1.22741,-80.69,0.1311,1.3620
6.9417,4.2366,0.0110,0.0619,6.2818,-1.35806,-0.08708,-1.22807,-80.14,0.1414,1.3609
6.9500,0.5069,-0.0489,-0.0122,6.1723,-1.35820,-0.08635,-1.22958,-80.34,0.0892,1.3609
6.9583,9.8213,-0.0044,-0.0747,4.2427,-1.35561,-0.08606,-1.23008,-79.98,0.3130,1.3583
6.9667,7.7207,0.0154,-0.0018,6.2059,-1.35525,-0.08347,-1.22807,-80.00,0.3144,1.3578
6.9750,6.0509,-0.0057,0.0043,7.6502,-1.35565,-0.07903,-1.22743,-80.06,0.5347,1.3580
6.9833,5.5628,-0.0002,0.0369,7.2551,-1.35789,-0.07298,-1.22782,-80.52,0.7738,1.3598
6.9917,4.7745,0.0252,0.0186,3.9383,-1.35756,-0.07160,-1.22796,-80.63,0.1701,1.3594
7.0000,5.0962,0.0011,-0.0076,5.8686,-1.35700,-0.07053,-1.22673,-80.99,0.1446,1.3588
7.0083,5.2429,-0.0006,0.0183,5.0199,-1.35398,-0.06996,-1.22659,-80.15,0.3684,1.3558
7.0167,4.3823,0.0076,0.0330,5.4356,-1.35330,-0.06947,-1.22791,-79.85,0.1013,1.3551
7.0250,0.0067,0.0037,0.0068,4.5930,-1.35505,-0.06905,-1.23021,-80.06,0.2165,1.3568
7.0333,5.5811,0.0358,0.0207,2.1294,-1.35385,-0.06966,-1.23120,-79.79,0.1617,1.3556
7.0417,4.6499,-0.0233,-0.0539,1.1980,-1.35608,-0.06888,-1.23105,-80.36,0.2834,1.3578
7.0500,3.9315,0.0197,0.0138,2.7586,-1.35670,-0.06886,-1.23042,-80.81,0.0746,1.3584
7.0583,4.3120,0.0123,0.0118,3.3052,-1.35653,-0.06887,-1.23039,-80.88,0.0199,1.3583
7.0667,5.0613,-0.0013,0.0053,4.1607,-1.35660,-0.06872,-1.23002,-80.84,0.0199,1.3583
7.0750,6.8114,0.0388,-0.0115,2.2389,-1.35655,-0.06882,-1.22980,-80.97,0.0129,1.3583
7.0833,4.9204,0.0051,-0.0514,0.7575,-1.35449,-0.06942,-1.23020,-80.33,0.2582,1.3563
7.0917,5.7420,-0.0010,-0.0151,1.1899,-1.35332,-0.06928,-1.23134,-80.17,0.1412,1.3551
7.1000,0.2620,-0.0496,-0.0146,3.2045,-1.35175,-0.06925,-1.23311,-79.87,0.1878,1.3535
7.1083,6.9118,0.0423,-0.0258,0.2857,-1.35162,-0.06914,-1.23250,-80.45,0.0208,1.3534
7.1167,8.1482,-0.2508,0.0075,4.0188,-1.35219,-0.06911,-1.23157,-80.79,0.0683,1.3540
7.1250,4.8235,0.0142,-0.0519,3.1138,-1.35468,-0.06815,-1.23118,-81.65,0.3199,1.3564
7.1333,3.2999,0.0237,-0.0128,3.4171,-1.35475,-0.06800,-1.23102,-81.26,0.0201,1.3565
7.1417,2.4837,-0.0203,-0.0158,4.8624,-1.35571,-0.06770,-1.23048,-81.22,0.1215,1.3574
7.1500,1.8034,-0.0374,-0.0210,4.1756,-1.35525,-0.06770,-1.23088,-80.76,0.0560,1.3569
7.1583,0.7829,-0.0048,0.0239,3.2010,-1.35473,-0.06767,-1.23069,-80.16,0.0618,1.3564
7.1667,0.7573,0.0275,0.0124,2.8394,-1.35314,-0.06754,-1.23047,-80.03,0.1922,1.3548
7.1750,4.8258,0.1002,0.1798,4.6652,-1.35367,-0.06560,-1.23032,-79.89,0.2422,1.3553
7.1833,6.4297,-0.0986,-0.1257,-0.0986,-1.35435,-0.06664,-1.23154,-79.01,0.1495,1.3560
7.1917,4.0874,-0.0889,-0.0961,0.3744,-1.35400,-0.06503,-1.23292,-80.64,0.1976,1.3556
7.2000,4.5803,0.0324,-0.0001,3.2203,-1.35419,-0.06481,-1.23271,-80.63,0.0352,1.3557
7.2083,2.0503,-0.0111,-0.0106,3.7575,-1.35448,-0.06484,-1.23269,-80.61,0.0349,1.3560
7.2167,4.6535,0.0107,0.0370,2.8645,-1.35425,-0.06483,-1.23271,-80.22,0.0283,1.3558
7.2250,0.2100,-0.0014,0.0058,1.0352,-1.35322,-0.06515,-1.23324,-79.47,0.1290,1.3548
7.2333,9.3494,0.0309,-0.0224,5.0279,-1.35214,-0.06542,-1.23345,-78.76,0.1338,1.3537
7.2417,5.0005,0.0825,0.0366,4.5558,-1.35472,-0.06504,-1.23179,-79.92,0.3133,1.3563
7.2500,4.0843,0.0103,0.0070,4.5609,-1.35603,-0.06501,-1.23083,-80.38,0.1566,1.3576
7.2583,4.0807,-0.0077,-0.0062,5.2884,-1.35643,-0.06500,-1.23053,-80.47,0.0485,1.3580
7.2667,7.4298,-0.0220,-0.0236,3.3470,-1.35647,-0.06482,-1.23028,-80.20,0.0219,1.3580
7.2750,3.7490,0.0336,0.0349,3.6807,-1.35715,-0.06458,-1.22962,-80.31,0.0865,1.3587
7.2833,1.3239,0.0007,0.0025,2.2745,-1.35695,-0.06457,-1.22961,-80.02,0.0242,1.3585
7.2917,1.4374,-0.0448,-0.0265,4.1956,-1.35534,-0.06443,-1.22977,-79.73,0.1940,1.3569
7.3000,0.1078,-0.0061,-0.0021,5.0547,-1.35233,-0.06433,-1.23018,-79.36,0.3608,1.3539
7.3083,5.9550,-0.0047,0.0219,6.9272,-1.35247,-0.06239,-1.22921,-79.51,0.2341,1.3539
7.3167,2.6561,0.1004,0.0759,6.4299,-1.35577,-0.06141,-1.22957,-80.02,0.4124,1.3572
7.3250,3.6515,-0.0009,0.0022,3.0338,-1.35643,-0.06159,-1.22984,-80.26,0.0828,1.3578
7.3333,2.6017,-0.0169,-0.0047,4.7613,-1.35576,-0.06153,-1.22987,-80.27,0.0810,1.3572
7.3417,1.2473,-0.0187,-0.0112,4.5331,-1.35616,-0.06139,-1.22975,-80.42,0.0508,1.3575
7.3500,2.0428,-0.0467,0.0097,2.3130,-1.35561,-0.06155,-1.23028,-80.29,0.0687,1.3570
7.3583,1.5000,-0.0349,-0.0176,3.8974,-1.35424,-0.06158,-1.23102,-80.01,0.1645,1.3556
7.3667,0.0528,0.0262,0.0203,3.4170,-1.35199,-0.06183,-1.23199,-79.57,0.2717,1.3534
7.3750,4.0189,0.0375,0.0444,1.9147,-1.35245,-0.06117,-1.23143,-79.74,0.0975,1.3538
7.3833,6.3161,0.0388,-0.0291,1.6969,-1.35259,-0.06009,-1.23176,-80.73,0.1303,1.3539
7.3917,3.2579,0.0041,0.0099,-0.0610,-1.35342,-0.05946,-1.23179,-81.35,0.1256,1.3547
7.4000,4.3295,0.0480,0.0195,5.9296,-1.35218,-0.05942,-1.23200,-81.81,0.1494,1.3535
7.4083,5.4863,-0.0022,-0.0265,5.8812,-1.35245,-0.05901,-1.23127,-81.50,0.0588,1.3537
7.4167,5.8267,0.0126,-0.0034,2.7938,-1.35289,-0.05906,-1.23120,-80.80,0.0536,1.3542
7.4250,1.1690,-0.0324,-0.0350,2.8965,-1.35246,-0.05904,-1.23162,-80.28,0.0516,1.3538
7.4333,0.4924,0.0002,0.0258,2.9634,-1.35151,-0.05895,-1.23124,-79.68,0.1153,1.3528
7.4417,6.2464,0.0663,-0.0200,5.1226,-1.34937,-0.05780,-1.23138,-79.71,0.2911,1.3506
7.4500,5.5986,0.0072,-0.0203,4.7738,-1.35139,-0.05488,-1.23013,-79.45,0.4266,1.3525
7.4583,0.7584,0.1586,0.0383,2.0825,-1.35468,-0.05334,-1.23015,-80.02,0.4363,1.3557
7.4667,1.7828,-0.0041,-0.0048,2.6878,-1.35485,-0.05331,-1.23006,-79.89,0.0200,1.3559
7.4750,5.1757,0.0040,0.0022,4.9052,-1.35521,-0.05311,-1.22936,-79.69,0.0498,1.3563
7.4833,4.5127,0.0387,0.0304,4.3456,-1.35560,-0.05309,-1.22893,-79.64,0.0459,1.3566
7.4917,4.0667,-0.0044,0.0147,3.1856,-1.35468,-0.05312,-1.22967,-79.17,0.1095,1.3557
7.5000,0.4674,0.0129,0.0302,1.8095,-1.35387,-0.05316,-1.23001,-78.55,0.0979,1.3549
7.5083,10.1034,-0.0130,-0.0315,5.6398,-1.35262,-0.05363,-1.23083,-77.96,0.1605,1.3537
7.5167,5.8346,0.0119,-0.0004,3.2630,-1.35467,-0.05354,-1.22929,-78.78,0.2470,1.3557
7.5250,0.0177,-0.1842,0.0116,1.9493,-1.35352,-0.05481,-1.22755,-78.45,0.2064,1.3546
7.5333,2.7943,0.1090,-0.0128,2.8550,-1.35582,-0.05408,-1.22910,-79.63,0.2905,1.3569
7.5417,6.1295,0.0097,0.0066,4.1771,-1.35563,-0.05405,-1.22887,-79.45,0.0235,1.3567
7.5500,4.2786,0.0043,0.0058,4.8544,-1.35575,-0.05417,-1.22851,-79.53,0.0205,1.3568
7.5583,4.1311,0.0043,0.0126,4.7330,-1.35450,-0.05463,-1.22876,-78.94,0.1593,1.3556
7.5667,7.7166,-0.0232,-0.0371,5.1843,-1.35421,-0.05436,-1.22960,-78.71,0.0480,1.3553
7.5750,0.5089,-0.0369,0.0199,4.0733,-1.35243,-0.05441,-1.23038,-77.96,0.2130,1.3535
7.5833,12.0839,0.0392,-0.0390,7.5823,-1.35173,-0.05339,-1.22925,-77.83,0.1482,1.3528
7.5917,5.4986,0.1409,0.0701,8.3852,-1.35340,-0.05393,-1.22774,-78.45,0.2097,1.3545
7.6000,6.4057,0.0047,-0.0311,5.0755,-1.35561,-0.05339,-1.22769,-79.14,0.2727,1.3567
7.6083,2.1580,-0.0571,-0.0442,6.1201,-1.35567,-0.05305,-1.22778,-79.43,0.0414,1.3567
7.6167,4.9674,0.0101,0.0165,5.5646,-1.35502,-0.05255,-1.22687,-79.76,0.0981,1.3560
7.6250,5.1371,0.0010,0.0222,6.1410,-1.35339,-0.05327,-1.22767,-79.19,0.2143,1.3544
7.6333,0.4939,-0.0204,-0.0018,4.9476,-1.35410,-0.05397,-1.22996,-79.22,0.1199,1.3552
7.6417,0.0150,-0.0152,-0.0085,3.4040,-1.35247,-0.05423,-1.23034,-79.09,0.1980,1.3536
7.6500,4.8842,0.0207,0.0304,5.1877,-1.35172,-0.05353,-1.23019,-79.17,0.1221,1.3528
7.6583,1.2467,-0.0051,-0.0090,4.2353,-1.35424,-0.05355,-1.23045,-79.59,0.3017,1.3553
7.6667,3.6519,-0.0076,-0.0104,1.3246,-1.35472,-0.05361,-1.23039,-80.01,0.0582,1.3558
7.6750,2.5664,-0.0044,-0.0106,2.6694,-1.35439,-0.05365,-1.23048,-80.06,0.0398,1.3555
7.6833,4.5155,-0.0286,-0.0259,1.2754,-1.35420,-0.05367,-1.23019,-80.12,0.0225,1.3553
7.6917,6.0921,0.0515,-0.0216,0.8202,-1.35356,-0.05388,-1.23011,-80.10,0.0816,1.3546
7.7000,4.0186,-0.0023,0.0123,0.6671,-1.35146,-0.05431,-1.23089,-79.59,0.2565,1.3526
7.7083,1.8281,0.0643,0.0441,0.7152,-1.35035,-0.05396,-1.23239,-79.58,0.1400,1.3514
7.7167,8.3751,0.0228,0.0015,0.3145,-1.34858,-0.05386,-1.23383,-79.23,0.2128,1.3497
7.7250,6.1332,0.0065,0.0067,4.9040,-1.34959,-0.05376,-1.23221,-79.50,0.1212,1.3507
7.7333,5.1321,-0.0011,0.0063,3.6723,-1.35148,-0.05351,-1.23116,-79.98,0.2290,1.3525
7.7417,1.5146,-0.0200,-0.0263,4.2520,-1.35334,-0.05290,-1.23098,-80.52,0.2352,1.3544
7.7500,2.4817,-0.0245,-0.0261,2.9666,-1.35340,-0.05277,-1.23072,-80.16,0.0171,1.3544
7.7583,3.6909,0.0592,0.0622,3.4438,-1.35432,-0.05238,-1.22979,-80.09,0.1201,1.3553
7.7667,3.8600,-0.0574,-0.0112,1.9715,-1.35407,-0.05237,-1.23021,-79.74,0.0299,1.3551
7.7750,0.8775,0.0019,0.0295,1.9549,-1.35349,-0.05226,-1.23039,-79.16,0.0716,1.3545
7.7833,-0.0060,-0.0116,-0.0062,4.1414,-1.35160,-0.05241,-1.23041,-78.87,0.2263,1.3526
7.7917,5.1063,0.0956,0.0234,3.6519,-1.35131,-0.05214,-1.22966,-78.92,0.0481,1.3523
7.8000,4.0350,-0.0439,-0.0139,1.7133,-1.35496,-0.05168,-1.22928,-79.15,0.4418,1.3559
7.8083,3.9761,-0.0023,-0.0020,3.1012,-1.35563,-0.05163,-1.22889,-79.49,0.0803,1.3566
7.8167,3.1687,-0.0162,-0.0170,4.3383,-1.35553,-0.05159,-1.22882,-79.35,0.0125,1.3565
7.8250,5.0803,0.0321,0.0282,2.8982,-1.35579,-0.05139,-1.22826,-79.32,0.0397,1.3568
7.8333,5.7456,-0.0029,-0.0326,3.6887,-1.35516,-0.05167,-1.22822,-79.05,0.0832,1.3561
7.8417,3.8615,-0.0017,0.0156,3.2608,-1.35404,-0.05188,-1.22887,-78.57,0.1361,1.3550
7.8500,-0.3467,-0.0464,-0.0316,3.8090,-1.35388,-0.05160,-1.22956,-78.55,0.0387,1.3549
7.8583,9.7894,0.0057,-0.0352,3.8130,-1.35219,-0.05190,-1.23016,-77.67,0.2064,1.3532
7.8667,5.7601,0.0097,0.0244,7.1576,-1.35270,-0.05224,-1.22827,-77.76,0.0740,1.3537
7.8750,5.4825,-0.0024,0.0096,7.7491,-1.35319,-0.05217,-1.22723,-77.97,0.0593,1.3542
7.8833,-2.4663,-0.1813,0.2212,6.0505,-1.35363,-0.05251,-1.21790,-78.23,0.0661,1.3546
7.8917,0.0894,-0.0538,0.0894,1.4772,-1.35363,-0.05768,-1.21650,-78.48,0.6204,1.3549
7.9000,2.2177,0.0505,-0.0142,0.5667,-1.35480,-0.05605,-1.23036,-79.37,0.2402,1.3560
7.9083,1.1712,-0.0160,-0.0145,2.8356,-1.35408,-0.05454,-1.23134,-79.64,0.2006,1.3552
7.9167,0.1533,-0.0105,0.0060,4.0033,-1.35343,-0.05458,-1.23149,-79.19,0.0781,1.3545
7.9250,0.2149,-0.0210,-0.0090,3.3806,-1.35120,-0.05526,-1.23215,-78.83,0.2799,1.3523
7.9333,4.4172,-0.0255,0.0033,0.9807,-1.35286,-0.05359,-1.23152,-79.25,0.2830,1.3539
7.9417,4.2855,-0.0012,-0.0173,1.9925,-1.35374,-0.05342,-1.23091,-79.96,0.1075,1.3548
7.9500,3.9048,0.0056,-0.0060,1.6174,-1.35356,-0.05354,-1.23063,-80.20,0.0264,1.3546
7.9583,2.8247,-0.0277,-0.0075,0.7870,-1.35274,-0.05366,-1.23097,-80.21,0.0998,1.3538
7.9667,4.5197,0.0047,-0.0049,0.5882,-1.35203,-0.05393,-1.23075,-80.38,0.0904,1.3531
7.9750,4.6340,-0.0251,-0.0160,0.7280,-1.35032,-0.05447,-1.23135,-80.25,0.2154,1.3514
7.9833,4.0766,-0.0178,0.0068,3.4869,-1.34989,-0.05451,-1.23191,-79.85,0.0517,1.3510
7.9917,0.1028,-0.0209,-0.0237,3.2001,-1.35053,-0.05384,-1.23254,-79.72,0.1109,1.3516
8.0000,7.2871,-0.0054,-0.0155,6.3945,-1.34961,-0.05381,-1.23225,-79.28,0.1100,1.3507
8.0083,2.6724,-0.0069,0.0971,3.6808,-1.35174,-0.05247,-1.23089,-79.50,0.3019,1.3528
8.0167,5.1752,0.0008,-0.0038,3.4989,-1.35361,-0.05179,-1.23053,-80.02,0.2389,1.3546
8.0250,2.2966,-0.0216,-0.0215,4.8268,-1.35420,-0.05168,-1.23029,-80.03,0.0722,1.3552
8.0333,6.2642,0.0023,-0.0017,4.8119,-1.35441,-0.05153,-1.22991,-79.73,0.0304,1.3554
8.0417,1.6444,-0.0272,-0.0259,4.2477,-1.35484,-0.05145,-1.22969,-79.74,0.0531,1.3558
8.0500,1.1864,-0.0304,-0.0311,2.9912,-1.35429,-0.05166,-1.22994,-79.23,0.0703,1.3553
